month,MKT_RF,SMB,HML,RMW,CMA,WML,RF,MKT
2001-07,-9.1855,0.6435,-0.969,4.3295,-10.7817,-1.9363,0.4329,-8.7526
2001-08,-1.6583,2.874,5.1793,2.2148,-9.5838,4.1142,0.401,-1.2572
2001-09,-13.0155,-1.9358,12.583,-0.7942,4.9556,6.6394,0.3803,-12.6352
2001-10,12.7809,4.9057,-8.6332,5.6012,-8.6101,-4.1242,0.3563,13.1372
2001-11,19.5732,-8.8296,6.6524,-2.176,6.2112,-1.0535,0.3699,19.9431
2001-12,8.0612,-1.8873,-2.6625,3.5904,-7.1003,0.5679,0.3947,8.4559
2002-01,6.9626,7.8207,5.054,-16.9254,11.2261,4.2184,0.3907,7.3533
2002-02,8.1698,-4.9489,-2.2799,15.1435,-11.786,3.7607,0.3707,8.5405
2002-03,10.0123,-3.0886,6.1643,3.1746,-5.6858,2.7351,0.3787,10.391
2002-04,-8.5488,-1.8895,-6.447,2.4485,-5.1886,11.2244,0.3907,-8.1581
2002-05,-5.0609,8.4003,-7.5189,-5.8056,10.2093,-4.7637,0.3923,-4.6687
2002-06,-7.3346,-2.2054,5.0991,4.7065,-3.6202,7.0029,0.3955,-6.9392
2002-07,-3.869,-0.3897,4.1185,-10.9319,3.193,-0.7802,0.4002,-3.4688
2002-08,2.0036,3.0687,-3.3018,0.1518,-2.319,1.5772,0.3915,2.395
2002-09,-13.5571,0.1454,1.9816,9.2537,-12.9884,6.5574,0.3923,-13.1648
2002-10,1.476,-1.6088,-1.1346,-0.8848,1.4757,3.6892,0.4002,1.8762
2002-11,9.6879,-7.1867,-0.5893,1.4172,-0.1812,5.1574,0.4002,10.0882
2002-12,-12.1743,1.0518,2.4397,6.633,-3.6871,4.2312,0.3994,-11.7748
2003-01,-5.7768,0.1447,-0.449,1.6535,1.5784,1.0255,0.3835,-5.3934
2003-02,-3.4063,1.7119,2.2644,-0.6266,1.0494,-0.5855,0.3707,-3.0356
2003-03,-7.2868,-6.0442,-1.3459,6.1463,-2.7232,8.1628,0.3883,-6.8985
2003-04,11.8068,-1.7277,0.3709,-4.0462,2.6216,-6.0825,0.3771,12.1839
2003-05,5.7335,4.0187,-3.0882,-8.6567,-2.2267,-3.0525,0.3587,6.0921
2003-06,5.5103,-4.9451,-1.4578,-2.3153,5.2615,-2.0532,0.3499,5.8602
2003-07,5.3708,-4.7696,-0.9165,7.5087,-4.4771,1.1995,0.3394,5.7102
2003-08,5.6831,-5.626,10.8408,-2.8995,4.775,1.8215,0.3193,6.0024
2003-09,-8.5812,0.69,0.9475,4.4452,-3.1315,3.0491,0.3137,-8.2675
2003-10,11.1469,-13.5928,1.3408,1.214,-5.342,13.7861,0.3217,11.4686
2003-11,1.3224,-0.6931,9.0663,-3.3144,5.0215,7.9579,0.3458,1.6683
2003-12,3.2669,-1.2637,5.142,3.0,-3.2283,2.429,0.3547,3.6216
2004-01,3.8541,-4.1763,-1.0985,1.7147,5.9788,8.0166,0.3483,4.2023
2004-02,3.2473,-5.7969,-1.9598,0.6761,-6.1811,2.3998,0.3338,3.5811
2004-03,-0.4493,-3.9316,3.1615,-0.3414,2.0259,6.4807,0.3217,-0.1276
2004-04,-1.8752,7.0285,2.202,-7.3151,1.7761,-4.7109,0.3201,-1.5551
2004-05,-7.4693,-3.2602,4.5025,2.5683,-1.1239,0.2879,0.3193,-7.15
2004-06,-2.1242,-2.6732,-0.0736,1.0133,0.9122,2.2031,0.3201,-1.804
2004-07,-7.5135,2.532,8.4318,0.5248,-2.8903,3.7332,0.3201,-7.1933
2004-08,7.7535,-0.4187,-5.0201,2.0772,-0.5789,-3.436,0.3032,8.0568
2004-09,3.572,-4.8042,9.9406,4.1617,-6.6297,4.2124,0.2887,3.8607
2004-10,-0.5149,-3.667,16.8109,13.9595,-0.8334,4.0307,0.2887,-0.2262
2004-11,4.8731,1.614,5.2851,0.1235,-0.5756,2.6967,0.2806,5.1537
2004-12,4.0881,0.5486,-2.9129,-3.6441,2.6543,-1.4643,0.2782,4.3663
2005-01,4.692,15.7717,-4.8994,1.8377,0.1438,-1.3319,0.2847,4.9767
2005-02,8.0205,7.4953,11.9786,5.0649,-4.3559,7.0407,0.2944,8.3148
2005-03,-4.9921,-0.391,-2.4469,3.7354,-1.5371,-0.9818,0.2911,-4.701
2005-04,-6.0261,2.1918,3.3706,0.9525,0.1949,1.3256,0.2887,-5.7374
2005-05,6.4606,-2.4844,-3.9859,-6.1997,4.4414,-1.9549,0.2879,6.7485
2005-06,3.9401,7.4438,9.0657,-6.1002,2.8282,9.7747,0.2879,4.228
2005-07,9.7613,8.936,2.2322,-3.3965,1.7976,-1.0287,0.2879,10.0492
2005-08,-3.2381,-6.1726,0.3591,3.5829,-4.3294,-0.767,0.2871,-2.951
2005-09,12.5098,5.378,13.5377,-1.8119,-4.9467,6.574,0.3032,12.813
2005-10,-5.3036,7.6238,3.1104,-4.0994,3.9015,-0.2684,0.3217,-4.9819
2005-11,12.3678,7.5532,-5.729,-3.7309,2.5616,5.0244,0.3242,12.692
2005-12,6.9442,-3.8656,-7.6484,1.4074,4.1083,-2.5847,0.3306,7.2748
2006-01,0.9107,-4.8176,-5.6765,2.5958,6.7374,-5.1001,0.3394,1.2501
2006-02,-2.284,0.9485,-6.6901,-2.9265,5.1473,-1.6253,0.3474,-1.9366
2006-03,-1.2463,-4.0288,6.4166,-3.2995,-3.5371,-1.3369,0.3491,-0.8973
2006-04,4.0161,-1.4137,5.5003,-4.505,3.3744,5.3645,0.3539,4.3699
2006-05,-7.6567,-3.0281,4.2499,1.0402,1.2695,-0.4249,0.3563,-7.3005
2006-06,-2.3712,-2.4582,-0.4794,-0.0065,-0.6569,-2.7744,0.3651,-2.0061
2006-07,-0.6141,-3.3439,2.4142,-0.4453,-0.2123,5.0948,0.3779,-0.2362
2006-08,3.7862,0.2358,-1.9806,1.1572,2.6892,-6.7027,0.3819,4.1681
2006-09,1.2484,2.8043,1.1282,-2.0079,-0.7811,1.5771,0.3787,1.6271
2006-10,-1.0265,-2.1027,4.4021,-2.373,0.4256,3.8648,0.3731,-0.6534
2006-11,4.7338,6.6399,7.5281,-2.9082,6.5524,-0.0234,0.3755,5.1092
2006-12,1.2548,-3.7078,5.7291,3.4686,2.363,3.365,0.3883,1.643
2007-01,-5.6538,1.6748,3.3853,0.3781,-2.8291,1.4819,0.401,-5.2527
2007-02,3.7375,0.117,-0.8135,-1.1244,-0.8778,2.5496,0.4034,4.1409
2007-03,2.8014,7.6455,-3.3073,3.3633,-1.0683,0.7515,0.4026,3.204
2007-04,5.5506,1.2092,5.7739,-1.3081,-3.5532,6.5418,0.4034,5.954
2007-05,9.8972,4.2261,8.1647,-3.3507,-3.5099,7.3196,0.4106,10.3078
2007-06,2.4198,-0.2348,-1.3593,3.1543,1.4235,-5.2473,0.4098,2.8296
2007-07,9.7243,-3.347,9.629,-2.0259,0.4677,6.9391,0.4114,10.1357
2007-08,-3.5859,-1.5385,2.3212,-2.7385,4.8486,3.6803,0.4241,-3.1617
2007-09,3.3447,-4.3042,2.4669,3.5041,-2.3759,5.3289,0.4345,3.7791
2007-10,4.9334,-10.3037,-3.2043,6.1683,-0.4266,7.6614,0.4345,5.3679
2007-11,-8.1948,-1.8382,-2.325,3.3928,7.1081,-8.7035,0.4416,-7.7532
2007-12,-0.1457,-1.0211,2.7142,-0.3616,-1.4051,-2.3033,0.4654,0.3197
2008-01,-14.7873,4.3634,4.7888,6.7162,1.9862,-7.7482,0.4717,-14.3156
2008-02,5.1831,0.322,-1.099,-2.7759,-4.0447,12.5094,0.4297,5.6128
2008-03,-0.9053,-2.5938,-4.5737,3.1757,0.8734,-0.0705,0.4273,-0.478
2008-04,6.0424,-4.4038,3.8361,1.2344,1.6682,-3.578,0.4376,6.4801
2008-05,0.9828,1.5502,-0.7115,2.9426,-4.226,3.4283,0.4361,1.4188
2008-06,-9.9331,5.6833,4.6841,-2.0319,2.5888,0.5194,0.4361,-9.4971
2008-07,-5.6324,-3.2271,2.1935,-0.2218,-3.7956,0.5871,0.4488,-5.1836
2008-08,-8.5473,-3.5696,6.7395,5.898,7.4629,5.9444,0.4686,-8.0787
2008-09,-2.5917,-3.4986,-6.0338,0.6526,2.2809,0.0754,0.4702,-2.1215
2008-10,-24.4122,-9.4731,3.6681,10.0053,0.2262,11.6998,0.4891,-23.9231
2008-11,-3.5411,0.8842,3.0407,-2.3005,2.9081,-0.6392,0.4567,-3.0844
2008-12,5.8905,0.8074,2.2058,2.7946,-3.3479,-5.2851,0.3819,6.2724
2009-01,3.5784,3.4058,-3.3158,-1.7733,-2.5803,-7.0916,0.2645,3.8428
2009-02,-8.0768,9.134,-1.5565,-0.7712,1.0319,2.859,0.2223,-7.8546
2009-03,13.5661,-0.9361,1.2124,8.5461,-3.7595,-6.1031,0.2019,13.768
2009-04,14.2581,5.8541,-0.0262,-10.3588,-0.9851,-8.1647,0.1995,14.4576
2009-05,1.7816,4.9624,-0.2867,-4.0146,3.1519,-3.1641,0.1986,1.9802
2009-06,-1.2943,-4.4003,5.6891,0.8987,4.7687,1.268,0.1986,-1.0957
2009-07,11.1063,-3.1818,2.4838,0.494,-0.5714,-2.8985,0.1986,11.3049
2009-08,2.0486,-1.2336,0.1434,3.7364,7.2907,5.8522,0.2044,2.2529
2009-09,4.3199,-5.4216,-0.1844,0.3483,-0.716,2.1449,0.2174,4.5373
2009-10,-5.6133,1.736,1.5512,-0.9045,-2.4877,-0.4483,0.2296,-5.3837
2009-11,-2.1669,-2.346,-1.0697,4.5394,0.1494,1.1669,0.2296,-1.9374
2009-12,9.3381,0.1225,0.9998,9.3666,-1.73,6.1961,0.232,9.5702
2010-01,-4.9042,2.3749,-3.4977,-5.7968,1.6718,-3.0361,0.2369,-4.6673
2010-02,-0.4747,3.5191,2.1801,0.5851,-1.5528,2.1376,0.2369,-0.2378
2010-03,5.6147,-2.7546,4.6327,5.7052,1.4562,3.8226,0.2328,5.8476
2010-04,2.5477,-0.5594,7.978,9.1854,3.2521,8.1933,0.2068,2.7545
2010-05,-6.0105,-0.4921,2.052,2.5455,0.452,4.8114,0.2019,-5.8086
2010-06,3.1187,-2.0245,3.3973,0.487,2.6311,-0.2917,0.2019,3.3206
2010-07,2.8858,0.0207,-0.1926,1.6081,1.9405,-1.8833,0.2125,3.0983
2010-08,-1.319,-1.6122,-1.8413,4.4674,-2.1289,1.9111,0.2166,-1.1024
2010-09,7.1709,-6.0131,3.0338,-3.5782,-0.4677,1.4323,0.219,7.3899
2010-10,0.8456,5.9369,4.8161,3.0093,1.5524,4.2519,0.219,1.0646
2010-11,0.3564,-7.1053,-3.8807,1.8392,0.3336,0.4793,0.2247,0.5811
2010-12,8.171,-4.3114,2.2163,0.1758,3.1027,-1.5605,0.2304,8.4014
2011-01,0.8208,0.2685,-1.3326,1.3649,3.6491,6.1795,0.2409,1.0618
2011-02,-6.3341,1.0348,-2.1598,0.6514,-1.6905,0.0185,0.2572,-6.0769
2011-03,8.1476,-5.6699,0.5364,3.6574,1.1049,7.4795,0.275,8.4226
2011-04,3.2538,-3.8033,0.8836,3.7381,3.8658,8.27,0.279,3.5328
2011-05,-2.8148,-2.5094,8.3101,3.4269,-0.7536,1.1049,0.2839,-2.5309
2011-06,-2.0207,-0.205,3.7347,-2.6024,-3.3064,-1.7007,0.2895,-1.7312
2011-07,2.0538,7.5499,1.3899,-2.8159,-3.7678,-0.6702,0.2944,2.3481
2011-08,-11.8373,1.752,3.4774,-1.626,3.4383,2.4792,0.2944,-11.5429
2011-09,-6.4493,-3.3575,-3.1263,2.8655,2.316,-0.2603,0.2935,-6.1558
2011-10,7.712,0.8736,-1.5916,0.1677,-0.8735,-2.0284,0.2935,8.0055
2011-11,-3.2026,3.2448,0.8004,4.9452,-0.5298,3.8248,0.2919,-2.9107
2011-12,-0.1297,5.6393,1.5254,-3.7474,0.5896,-1.0386,0.2911,0.1615
2012-01,6.4324,-2.3227,0.6016,-0.4933,-0.0209,-8.0337,0.2911,6.7235
2012-02,3.6625,10.0496,-1.6264,-0.0683,1.1359,-2.3981,0.2895,3.952
2012-03,-1.2816,-0.7498,-3.2059,2.6556,-0.89,3.8504,0.2903,-0.9913
2012-04,-2.4182,-3.4109,-0.664,5.0288,0.1101,6.7389,0.2903,-2.1279
2012-05,-6.8212,0.4431,1.8853,-0.936,-0.0423,-0.6244,0.2903,-6.5309
2012-06,0.5864,3.8363,-0.5787,1.1434,-1.0511,0.2248,0.2903,0.8767
2012-07,0.6877,-3.8581,0.2711,3.7629,0.3979,2.3271,0.2742,0.9618
2012-08,1.6105,3.4593,0.742,-2.0385,-1.3324,1.4021,0.262,1.8725
2012-09,4.4161,-0.4848,4.7625,3.9779,-4.0879,1.1087,0.258,4.6741
2012-10,-4.3357,2.311,3.9534,2.2409,-0.7051,4.7768,0.2409,-4.0948
2012-11,0.6028,-1.2644,-2.9789,7.0913,-3.7258,4.5363,0.2345,0.8372
2012-12,3.7392,-3.9228,4.6105,1.3651,-1.7518,-1.6086,0.2369,3.9761
2013-01,-1.7103,5.4567,4.8469,-5.8229,3.772,-1.7797,0.2353,-1.475
2013-02,3.3668,1.7725,-2.1187,4.619,-3.8877,3.9833,0.2328,3.5996
2013-03,-0.7462,4.9373,0.769,0.2549,3.9575,2.9375,0.2312,-0.515
2013-04,-1.8468,7.6975,3.6603,6.167,-1.0919,8.4348,0.2304,-1.6164
2013-05,1.5831,3.2266,-5.1015,-0.5853,3.6985,-4.3093,0.2239,1.807
2013-06,-7.4257,-4.17,2.8012,2.1543,3.9356,-0.9961,0.2214,-7.2042
2013-07,2.9269,1.4749,3.6411,-2.8197,2.6294,-2.7305,0.2206,3.1476
2013-08,-0.0228,-3.6216,4.8441,2.1039,-2.1608,-2.2727,0.219,0.1962
2013-09,3.4524,-1.7245,-0.5294,-1.2784,-1.004,-0.3615,0.219,3.6714
2013-10,1.2626,-1.3935,-3.0832,3.3809,-3.2066,2.4802,0.219,1.4816
2013-11,0.1781,-2.7573,3.9918,1.6466,-0.8917,1.9334,0.2182,0.3962
2013-12,-1.0218,-2.8387,5.3046,0.4806,0.446,0.3917,0.2182,-0.8036
2014-01,-3.0708,4.8681,1.6546,-3.0323,0.4587,1.0702,0.2182,-2.8526
2014-02,1.8353,2.3202,4.0139,0.5755,-3.1355,2.8958,0.2182,2.0535
2014-03,0.2797,3.9002,-0.3789,3.4662,-0.9822,2.3319,0.2182,0.4979
2014-04,-0.6573,4.5558,2.1446,0.8611,0.5066,1.9305,0.2182,-0.4391
2014-05,1.046,0.9417,0.2337,1.0978,-0.7813,6.387,0.2182,1.2642
2014-06,-0.026,-2.1899,0.9013,1.0822,0.185,1.6462,0.2182,0.1922
2014-07,3.1396,-2.0827,6.9761,-1.6703,1.0666,-0.1678,0.2182,3.3578
2014-08,0.1039,3.2369,-0.2092,0.2719,1.9939,3.4295,0.2076,0.3115
2014-09,-2.2457,2.7665,2.1638,-0.5154,2.3739,4.5211,0.1938,-2.052
2014-10,-2.8916,1.8563,-1.6601,0.7458,-0.4524,1.749,0.1823,-2.7092
2014-11,0.264,-1.473,-3.0354,1.3982,-1.4605,-4.6894,0.1766,0.4406
2014-12,-2.4039,2.8593,-2.5966,3.5019,-3.3579,-2.1707,0.1758,-2.2281
2015-01,2.3305,4.9082,-3.577,0.2808,2.1718,4.3897,0.1758,2.5063
2015-02,2.1449,4.659,3.0913,-5.1695,0.0958,-2.3419,0.175,2.3199
2015-03,2.7633,5.4575,3.1056,-1.2641,0.5722,4.1944,0.1611,2.9243
2015-04,4.2332,1.2694,-0.8699,-4.9203,1.9851,1.6794,0.1496,4.3828
2015-05,-0.221,6.6212,-1.7402,-4.3711,2.3269,8.8827,0.1488,-0.0723
2015-06,-1.145,2.8451,-1.1637,-5.9755,6.1516,7.6431,0.1406,-1.0044
2015-07,-2.2539,2.9927,0.9844,2.4505,0.3609,2.0487,0.1365,-2.1174
2015-08,-4.7628,-2.1173,-0.5867,-1.5726,-1.9839,-2.166,0.1357,-4.6271
2015-09,0.7376,3.382,2.4957,2.1218,3.3779,-5.5677,0.1324,0.8699
2015-10,2.864,0.6666,-0.5989,-1.9724,-0.9707,-1.2698,0.1307,2.9947
2015-11,-1.6176,-1.3502,-1.4912,-2.0784,-0.2106,2.8705,0.1315,-1.486
2015-12,-0.0887,1.3233,3.4594,4.4665,-2.481,-1.4331,0.1381,0.0495
2016-01,-2.2606,-1.8613,-1.6598,-4.7134,0.8412,3.5251,0.1381,-2.1225
2016-02,-0.5697,-0.9617,8.2873,1.4002,0.9255,-5.9125,0.1357,-0.4341
2016-03,4.2108,4.6731,-0.9984,-4.7535,5.3526,-1.6729,0.1348,4.3456
2016-04,0.0321,3.1564,0.7821,0.7026,-1.0515,-2.1059,0.1332,0.1653
2016-05,-0.624,0.2879,-3.6385,0.4378,-1.2256,3.5744,0.1307,-0.4933
2016-06,-1.0893,-1.8417,0.4548,4.615,-3.7502,-0.3041,0.1184,-0.9709
2016-07,2.5566,4.6468,3.9292,0.5507,3.4463,-2.1155,0.1126,2.6692
2016-08,-0.2053,-4.3475,4.1215,0.1108,-0.0326,2.3869,0.1118,-0.0935
2016-09,0.6482,3.8816,-0.7498,1.5715,-0.5178,0.4266,0.111,0.7592
2016-10,-2.7821,-5.5917,6.1148,0.2547,1.5136,0.2957,0.1118,-2.6703
2016-11,-1.8333,-0.9263,6.0807,5.513,1.2244,2.8427,0.1176,-1.7157
2016-12,4.1145,2.3712,1.3519,1.6902,0.7653,0.1909,0.1274,4.2419
2017-01,1.299,-1.3917,1.0891,3.757,0.531,3.1968,0.1241,1.4231
2017-02,0.7614,-4.4335,2.9818,-1.8816,1.2527,-4.065,0.1233,0.8848
2017-03,2.9861,-0.6718,-0.3268,0.7096,-0.1229,2.5458,0.1225,3.1086
2017-04,1.9014,-1.692,-2.1102,2.4055,-1.7,-0.7111,0.1184,2.0198
2017-05,6.3149,-4.852,0.4588,-3.0131,-0.3674,-2.6499,0.1151,6.43
2017-06,2.013,-0.3841,1.1413,1.2378,-1.1542,5.5786,0.1143,2.1273
2017-07,-0.1605,-2.8937,1.5339,2.13,-1.0978,3.2176,0.1151,-0.0454
2017-08,-1.4236,1.0943,-1.7432,-1.4116,0.1151,0.3222,0.1151,-1.3085
2017-09,1.0083,-7.066,-1.1762,0.8841,-2.1218,4.5366,0.1143,1.1226
2017-10,5.4827,-4.761,-2.8973,-1.7254,0.1728,-5.2394,0.1143,5.597
2017-11,-0.2726,3.5691,-4.0728,-2.8698,0.6373,2.5185,0.12,-0.1526
2017-12,1.4787,-0.3298,-2.5075,1.7429,-2.4838,0.7278,0.1373,1.616
2018-01,5.4835,5.9314,-3.0929,-4.7672,5.2782,1.9113,0.1373,5.6208
2018-02,-5.6396,1.4014,0.0818,0.9847,-1.792,0.8494,0.1365,-5.5032
2018-03,0.8903,1.7239,-3.9562,-4.8859,0.563,3.7517,0.1365,1.0268
2018-04,2.4156,5.0123,6.4891,-2.1377,6.9579,-6.38,0.1365,2.5521
2018-05,-3.2094,4.2478,3.0669,1.7416,1.9642,-0.6278,0.1365,-3.0729
2018-06,-4.3812,-4.9839,-4.3596,1.9555,-3.5074,-3.3945,0.1365,-4.2448
2018-07,-2.1975,-0.9759,0.558,2.6627,-1.8921,-2.5284,0.1365,-2.061
2018-08,1.6282,-0.0001,-1.8094,-4.4799,2.8724,3.801,0.1365,1.7647
2018-09,0.8582,-3.0682,3.3176,-3.6818,5.9961,1.6721,0.1365,0.9947
2018-10,-14.6738,-6.6852,1.3849,4.3049,-2.993,-6.1588,0.1389,-14.5348
2018-11,3.6248,3.2075,0.3344,-0.5164,3.3457,-1.2817,0.1414,3.7662
2018-12,-1.4278,-1.0637,7.4339,-0.9846,2.9056,-1.9349,0.1578,-1.27
2019-01,7.5709,4.1949,0.1393,1.9652,-3.3729,-3.542,0.1545,7.7254
2019-02,-0.2268,-1.1699,-3.1012,0.886,-0.1573,-3.4639,0.1545,-0.0723
2019-03,-2.1446,3.2292,-3.4909,5.1615,-2.0226,1.7316,0.157,-1.9876
2019-04,2.8542,2.6177,0.4837,0.4199,1.3079,-2.3716,0.1537,3.0079
2019-05,-7.5896,2.8905,1.4614,-0.4186,2.6354,3.2447,0.1521,-7.4376
2019-06,3.6373,1.0228,0.2799,3.1745,-1.968,0.6013,0.1488,3.7861
2019-07,-5.6651,-4.494,1.2551,5.1251,-2.5822,1.784,0.1389,-5.5262
2019-08,-2.9725,1.1121,-0.0538,0.3184,-1.2783,1.6282,0.1233,-2.8492
2019-09,4.497,-1.3625,2.0244,3.0391,-1.2573,-0.5365,0.1274,4.6244
2019-10,1.5194,-1.5371,-6.8489,-4.1501,-1.1748,-5.8611,0.1209,1.6402
2019-11,-0.5262,-0.1583,3.1593,1.6304,0.5241,-0.7023,0.1258,-0.4004
2019-12,6.6783,-1.9054,0.3046,4.3415,-1.2995,2.9053,0.1266,6.8049
2020-01,-3.7793,1.2655,-2.9712,2.983,-2.6187,4.7961,0.1217,-3.6576
2020-02,-6.1305,-1.5176,-3.9785,-0.7103,-1.2315,1.8568,0.1176,-6.0129
2020-03,-11.0214,-3.7921,-12.1554,-7.8474,-0.7304,0.8274,0.1019,-10.9194
2020-04,11.2451,7.1374,3.8891,2.3129,2.5089,-7.8574,0.0912,11.3363
2020-05,5.1111,3.1324,-4.1131,-2.4267,-1.233,0.0264,0.0846,5.1957
2020-06,3.9649,-4.5517,-3.9797,0.8883,-0.4526,5.679,0.0656,4.0305
2020-07,7.0846,1.6517,3.2564,2.6286,-1.8746,1.0123,0.0656,7.1502
2020-08,3.4098,-2.0617,5.5025,-5.9206,-2.1932,0.6734,0.0565,3.4663
2020-09,0.1932,4.7257,-0.6622,2.143,0.4345,-1.4049,0.0523,0.2456
2020-10,-3.1868,0.1665,5.0351,1.642,2.5568,-4.6912,0.0523,-3.1344
2020-11,13.8607,-1.7419,-0.8141,0.0778,0.9798,0.2348,0.0548,13.9156
2020-12,12.2839,-7.2533,0.4509,4.9036,1.6218,3.8865,0.0548,12.3388
2021-01,2.1812,-2.5344,3.2263,6.8995,-2.5281,0.8129,0.0565,2.2377
2021-02,0.7297,2.2575,2.8564,2.9206,0.0403,-4.7141,0.0606,0.7903
2021-03,2.287,5.0013,3.7562,-2.9112,2.1291,-4.5852,0.0623,2.3493
2021-04,2.7852,3.0563,4.1581,-5.2601,2.3341,1.457,0.0615,2.8466
2021-05,1.2044,0.9418,4.5519,2.6329,-1.4914,-3.9199,0.0565,1.2609
2021-06,3.336,2.2411,-0.4121,0.6681,-0.1746,1.675,0.0548,3.3909
2021-07,-2.4668,1.1908,-0.7493,0.8716,-1.4108,-2.378,0.0573,-2.4095
2021-08,-0.3521,-2.3957,-1.6998,-0.2612,-0.1828,-1.9015,0.0639,-0.2881
2021-09,-3.9515,1.0676,4.1137,-1.5658,3.7977,1.8403,0.0813,-3.8701
2021-10,-2.9595,2.8006,-1.1921,-1.3921,-0.69,1.7324,0.0896,-2.8699
2021-11,-4.3389,-1.9748,-6.5327,4.8175,-9.1316,-1.0425,0.097,-4.2419
2021-12,6.4681,3.546,3.2406,-0.463,2.6859,-1.1438,0.1052,6.5733
2022-01,-10.949,-0.2298,5.1081,2.9599,1.5599,-0.1569,0.1151,-10.8339
2022-02,1.0706,0.4855,4.1231,-1.3438,3.1484,2.5196,0.1241,1.1947
2022-03,2.9652,3.4881,0.696,-1.2468,1.098,0.9446,0.1241,3.0894
2022-04,-2.7616,1.5068,5.8558,0.3034,3.6582,-1.2476,0.1357,-2.626
2022-05,-0.6351,-2.3251,-0.6867,-2.612,0.3141,-0.4385,0.1463,-0.4888
2022-06,-13.661,-4.5936,2.1496,-2.5851,1.6819,-1.4529,0.1643,-13.4967
2022-07,5.3296,2.3213,-4.5121,2.1782,-3.6663,-3.2288,0.1986,5.5282
2022-08,0.5252,-0.1627,2.6189,-1.4549,0.9418,4.1924,0.2296,0.7548
2022-09,-13.5312,-2.9217,3.1753,1.8261,1.3146,4.8448,0.2474,-13.2838
2022-10,5.6496,-1.3085,-3.3089,8.4084,-5.5009,3.8257,0.3024,5.952
2022-11,7.0418,2.0343,3.0988,0.0141,1.6029,-6.2475,0.3266,7.3683
2022-12,-8.1759,0.2719,3.9538,-2.8396,4.349,-3.8416,0.329,-7.8469
2023-01,8.2013,1.7057,-3.8747,2.104,-5.779,-5.0049,0.3113,8.5126
2023-02,0.3785,1.8218,-0.1517,0.6662,-3.8605,-0.072,0.2887,0.6672
2023-03,3.3166,0.171,-4.594,2.7241,-5.0066,4.1423,0.296,3.6126
2023-04,0.4259,-1.8801,0.5777,0.9195,1.122,2.0914,0.2871,0.713
2023-05,2.4384,0.7353,-1.8893,2.3967,1.1841,0.298,0.2984,2.7368
2023-06,-0.2706,0.8949,1.2903,3.5905,-0.5336,3.747,0.3073,0.0366
2023-07,3.3083,-9.8982,0.8258,-2.2201,-1.2989,5.2123,0.3073,3.6156
2023-08,-2.925,5.0097,-1.7306,-2.1833,1.917,-2.4545,0.3032,-2.6218
2023-09,-4.8191,-2.0018,4.6166,2.8037,1.7508,-1.0661,0.3081,-4.511
2023-10,-8.719,1.3522,4.885,4.7566,1.8806,-3.8647,0.3129,-8.4061
2023-11,11.0718,-4.8157,-1.993,-2.5447,0.1295,-0.042,0.3137,11.3855
2023-12,5.0828,-1.443,-0.2948,2.5172,0.7564,0.954,0.3137,5.3964
2024-01,-6.4663,5.2457,3.4833,1.238,0.2305,1.0013,0.3064,-6.1599
2024-02,6.0621,-4.0898,3.6777,-2.3546,-0.2499,3.9737,0.3024,6.3645
2024-03,4.2827,-3.5352,-5.532,1.52,-0.373,3.4674,0.2992,4.5819
2024-04,-2.5861,1.393,2.6741,-1.2336,0.3879,1.0469,0.2927,-2.2933
2024-05,-2.4869,2.7191,1.7486,2.2465,3.1259,1.5673,0.2952,-2.1917
2024-06,5.0861,-6.442,4.9297,4.1976,0.5009,6.6792,0.2952,5.3813
2024-07,-1.8026,-0.6712,-2.0921,-3.9323,1.1806,0.49,0.2903,-1.5122
2024-08,-3.9304,-1.5513,3.8979,-1.598,-2.6119,-4.7767,0.2871,-3.6434
2024-09,-2.7593,0.7671,0.9323,0.0176,0.4824,-5.3134,0.2887,-2.4706
2024-10,-1.8825,-0.5045,-1.2051,-1.7859,4.432,3.5602,0.2814,-1.6011
2024-11,-4.9465,-0.2801,3.6996,3.9722,0.6425,0.7504,0.2806,-4.6659
2024-12,-1.7174,2.0733,-1.6151,0.6915,0.5941,2.4188,0.275,-1.4425
2025-01,5.0608,-2.7019,-3.903,-2.5988,0.5546,3.2568,0.2499,5.3106
2025-02,0.9818,0.9829,-0.6441,1.3091,-1.2702,-2.4825,0.2426,1.2244
2025-03,-2.8925,-2.9324,5.0117,6.5245,-0.0219,-1.2504,0.2336,-2.6589
2025-04,3.4116,5.7388,0.5128,0.5619,-3.14,4.4845,0.2255,3.6371
2025-05,4.8825,-2.3622,7.075,2.9263,2.1002,4.2652,0.2198,5.1023
2025-06,12.7317,-7.457,1.2848,4.459,0.8058,1.2604,0.2117,12.9434
2025-07,5.115,-3.6511,-0.6568,2.2823,-4.0378,-6.7705,0.2068,5.3218
2025-08,-1.8151,0.0508,-1.9917,0.639,1.1984,-0.8026,0.2068,-1.6083
2025-09,7.1461,-4.2807,-5.3987,6.5456,-3.9761,2.2618,0.2109,7.357
2025-10,18.4674,-19.4625,-8.6923,4.9596,-6.0938,-2.0221,0.2101,18.6775
2025-11,-4.0709,2.5215,7.5336,0.1895,1.5743,-1.7142,0.2214,-3.8494
2025-12,6.6461,-1.1871,-0.9917,8.1454,-6.8982,6.1578,0.2336,6.8797
2026-01,23.774,-15.0402,-5.7576,4.7741,-6.6193,11.8744,0.2223,23.9962
2026-02,17.4687,-11.7847,8.8249,5.6455,-5.8587,10.0963,0.2288,17.6975
2026-03,-18.1719,12.0868,-1.1485,-4.0328,1.6919,-6.5146,0.232,-17.9399
2026-04,28.2559,-8.5643,-5.7205,13.2603,-8.743,17.2718,0.232,28.4879
2026-05,24.0673,-28.1591,-14.4752,26.9396,-16.5855,21.5799,0.232,24.2993
2026-06,-1.3789,-10.2601,2.2434,14.9641,-5.5334,-0.535,0.2393,-1.1396
2026-07,-22.3626,10.4787,15.7863,-0.3865,8.363,-17.4342,0.2393,-22.1233
2026-08,4.1033,1.4329,1.1715,-11.1085,0.8849,-0.9668,0.2442,4.3475
