,date,gamma_0,gamma_market,gamma_smb,gamma_hml
0,2020-10-15,,,,
1,2020-10-16,-0.00849588702628215,-0.0008672024975972502,-3.35750642865775e-05,0.0011866166320299095
2,2020-10-19,-0.0019344384462259274,-0.0018401937944992734,-0.0001343723818389086,0.0009859990710095684
3,2020-10-20,0.0018330070286144355,-0.0005427364942589896,-5.173536539501285e-05,-0.000934743517704315
4,2020-10-21,0.008079528740325971,-0.0018425434529643365,-0.0001224930236560921,0.001574323361297399
5,2020-10-22,-0.012840499861215677,0.0007931931230615905,5.640740762135966e-05,-0.000515189307191637
6,2020-10-23,0.0006882859870890961,0.0006540260656092775,3.50324933693125e-05,2.1421391477788104e-06
7,2020-10-26,-0.025865570618417592,-0.00020077154803502622,1.8253727860466024e-05,0.0016495220056002703
8,2020-10-27,-0.00392783638873688,0.001432369680624699,0.0001255611569937627,0.000323964235614981
9,2020-10-28,0.019097048903759455,0.000593288106912381,1.749681294671203e-05,-0.0011304251592977757
10,2020-10-29,-0.0023803342062495717,-0.0003725775700596383,-5.8765588061664716e-05,-0.0009182857108276693
11,2020-10-30,-0.022185624170343223,-0.0018971579756194164,-0.00012833737522263033,0.001620922058420729
12,2020-11-02,0.01713154808994226,-0.00039116976791478696,-2.78133825172241e-05,-7.85006635995404e-05
13,2020-11-03,0.017624110447865438,-0.000653685137068338,-0.00010093529119719637,-0.0018175821824948817
14,2020-11-04,0.003929179076131741,0.00013755419618435567,3.873722361668543e-05,0.0003246129098788814
15,2020-11-05,0.020040728348248785,-8.573375009476077e-05,-2.5258187166098105e-05,-0.0002243645235185187
16,2020-11-06,-0.006140160864182739,0.00018080280132565962,8.404266122593015e-06,0.00015763426822445716
17,2020-11-09,0.02055566343512067,0.0014656757125489043,0.00015346951955204314,-2.4180796649656022e-05
18,2020-11-10,-0.001589153012146633,1.1995791748703135e-05,-1.5751243543164614e-05,-0.0003161821844700328
19,2020-11-11,0.0036298216273391954,-0.0004194279163264132,-5.321807163805268e-05,-0.0008147021168038626
20,2020-11-12,-0.0007516874801175547,0.0006255903516025414,6.985964497705063e-05,0.0004637593092054485
21,2020-11-13,-0.002673087203954477,0.0004871880937691458,5.746466320375704e-05,0.00043047503325084136
22,2020-11-16,0.008382845948011228,0.0018058074729672563,0.00017993441191383537,0.0004981396392997615
23,2020-11-17,-0.005077369625276997,-0.0014106615187373251,-0.00013659762375840178,-0.0005941050926553016
24,2020-11-18,0.010660846103182629,0.0009669344590852241,7.810711685030278e-05,5.229317425028171e-05
25,2020-11-19,0.005423345027604703,0.0012711437568555402,0.00010816371787982327,-4.957399386505906e-05
26,2020-11-20,0.01613027586100473,-0.0008446416700800293,-6.348467147689562e-05,0.0005117994166778225
27,2020-11-23,0.008075788708289702,0.002669047956794468,0.0002578184244079971,-0.00026265447438319437
28,2020-11-24,-0.0064607298462271735,0.0038738184139998945,0.00033411805572863183,-0.000881881544744826
29,2020-11-25,-0.009223037510441387,-0.001040889547332924,-8.987404664669477e-05,-0.00022363783731840697
30,2020-11-26,0.0033976415201838472,-0.00032997249372195166,-3.116617038753128e-05,0.00019560160797522263
31,2020-11-27,0.008783998191715667,0.00045130249585243067,1.308836419313446e-05,-0.0008682938540443049
32,2020-11-30,-0.003430321734020021,-0.0003832740773212286,-7.169306272103196e-05,-0.000218639764444588
33,2021-01-01,-3.9682539682539676e-05,-2.541098841762901e-21,-1.495542547495874e-21,1.2705494208814505e-21
34,2021-01-04,0.005430770426228711,0.004262609926768824,0.00038967362712455334,-0.0005294320676370924
35,2021-01-05,0.011557520752774685,0.002355660702335143,0.00010636666948685627,-0.00019460252666502893
36,2021-01-06,-0.0004978576833200132,-9.060275855268671e-05,6.18773593242523e-05,0.0008949234852368509
37,2021-01-07,0.010572231425549796,0.0008180816414346999,0.00010479475128472108,4.4679146573137874e-05
38,2021-01-08,0.0016181523398938612,0.001285938359146863,0.00011569913080798962,-0.00046714785491695733
39,2021-01-11,-0.02279854466261578,0.0012279984896647537,6.82872378309948e-05,-0.0003035290024796554
40,2021-01-12,-0.0007003267761438469,3.7896218100742376e-06,2.532500921422064e-05,0.00019003080384497598
41,2021-01-13,0.010572495692256396,-0.0003303355109628876,-1.772238910695488e-05,0.00012122708847375877
42,2021-01-14,0.004179483588697957,0.000986265155727054,9.989818708140465e-05,0.0001969486697875123
43,2021-01-15,-0.010971697011087298,-0.0009499081426315397,-0.00010199560408271744,-0.00021751529938236506
44,2021-01-18,-0.01975354241914775,-0.001358600610010502,-0.00013886028266154652,-0.0004125054218074224
45,2021-01-19,0.018175536343990946,0.00150468313400394,9.595255505090913e-05,-0.0016390919056474005
46,2021-01-20,0.010260213757559353,0.0009112584516988981,7.617767480463605e-05,-0.0004732773962597583
47,2021-01-21,0.0071274685624746845,-1.699576648977658e-05,4.548104134324432e-05,0.0011797472497131621
48,2021-01-22,-0.0018539431962994485,0.001044833414535456,8.948267041325865e-05,-0.00016983259862907025
49,2021-01-25,0.016310161625564167,-0.00029336338091259676,-2.5286610627860967e-05,-0.00019132561962486184
50,2021-01-26,-0.009078414848528848,-0.00011455144735875497,-5.048935926018255e-06,0.0003537978985756909
51,2021-01-27,-0.008483487040508672,0.0005337977188189418,2.3085086987550735e-05,-0.0007954443951754906
52,2021-01-28,-0.021305727243634855,0.00017583319297588806,-6.809293880859435e-05,-0.0025951905737728836
53,2021-01-29,-0.03104665299534492,0.00010435445420210938,5.685588075772803e-05,0.0010529010307498273
54,2021-02-01,0.02506415317111274,0.00031755693269847616,2.6771814243406896e-05,-0.00032330566943545273
55,2021-02-02,0.011580526983485117,0.00042379142843238584,4.807313213409445e-05,0.00015508440993407182
56,2021-02-03,0.007029899499962507,0.0007949742526813699,7.206891444862334e-05,-0.00010696711050977038
57,2021-02-04,-0.008437448174135886,0.000720134763620896,8.074656275955046e-05,0.00030090736072713083
58,2021-02-05,0.007763865330429466,-0.00034343201324740324,-2.361356120957805e-05,-7.201861028687898e-06
59,2021-02-08,0.0002779658164342232,-0.0009446461315104637,-3.800051314388196e-05,0.0011053036486964169
60,2021-02-09,0.0030707356287883805,-0.002944846412912795,-0.00026308999645026105,-0.0007192773441175046
61,2021-02-10,0.01117018871872321,-0.0020061469405298635,-0.00020498379229138785,-0.0011825654566456163
62,2021-02-11,-3.9682539682539676e-05,-2.541098841762901e-21,-1.495542547495874e-21,1.2705494208814505e-21
63,2021-02-12,-3.9682539682539676e-05,-2.541098841762901e-21,-1.495542547495874e-21,1.2705494208814505e-21
64,2021-02-15,0.013280694047827802,-0.0004973700539618966,-1.9421874418137875e-05,-0.00013194270104622651
65,2021-02-16,0.00020502238015760802,0.003157770265552933,0.00033182205607191296,0.0007865539433251763
66,2021-02-17,-0.0015414029981749495,0.001079831937001858,0.00012199894206466026,0.0011303174594676853
67,2021-02-18,-0.0010762116804395386,-0.007344300997672375,-0.0006997765373157672,-0.0019917914367231534
68,2021-02-19,-0.002116851967568319,0.001707050601844476,0.00016635572787037118,0.0007197873768370765
69,2021-02-22,-0.0032968532649628067,-0.0012882837118486988,-6.476682258146086e-05,0.0012537703279738737
70,2021-02-23,-0.009881383211806562,0.001191787767001803,9.568979291768309e-05,-0.000465468054426536
71,2021-02-24,-0.03113111148187927,0.0010218722181404676,0.00012543728855272712,0.0005094016836949095
72,2021-02-25,0.022732884385739026,0.0022177829251795317,0.00017500701750193794,-0.0014812575271893765
73,2021-02-26,-0.01619983969904792,-0.001214292759529937,-0.00010829808111218674,0.00024524295929794946
74,2021-03-01,-3.9682539682539676e-05,-2.541098841762901e-21,-1.495542547495874e-21,1.2705494208814505e-21
75,2021-03-02,0.011228972878763947,-0.0010998831658096382,-7.897010941048489e-05,0.0007351221121810777
76,2021-03-03,0.010242306034838168,-0.0004196212721359793,-3.480057235135905e-05,0.00015090516191125993
77,2021-03-04,-0.006282873067670729,-0.0010004932061018546,-6.802082037860212e-05,0.000522144546747946
78,2021-03-05,-0.003937185806640377,0.000595182511112816,3.8216480212342664e-05,-0.0004389429141661461
79,2021-03-08,-0.013205897932425537,-1.927497384749099e-05,8.46159496993664e-06,0.0007422992680411796
80,2021-03-09,-0.004920456737887273,-0.004185086863521336,-0.00039131301714457006,-0.0014882997130955045
81,2021-03-10,-0.0034945370965640305,-0.0043761874311395174,-0.00042773361649352964,-0.0014250213760069704
82,2021-03-11,0.011172661525790684,0.003930458551450205,0.0003448324132336547,-4.5201825524279174e-05
83,2021-03-12,0.01625823970100007,0.001149031035773138,0.0001452933465853127,0.0013163271274300775
84,2021-03-15,0.001196766461528207,5.0709166063767574e-05,1.9714483135141927e-06,0.0001543648647961479
85,2021-03-16,0.013304160176669348,-0.0003267425448771863,-3.2856498208782645e-05,0.0003965561970658156
86,2021-03-17,0.004123829213184125,0.0009026956669159143,6.174962305818479e-05,-0.0006422128587997406
87,2021-03-18,0.0034529836227759477,0.0059690732885626305,0.00043411103709394537,-0.002115468562860706
88,2021-03-19,0.0016992275014498315,-0.0009278918437164315,-8.76838211411731e-05,0.00031627085290266284
89,2021-03-22,-0.001277366686744229,0.08460772938088791,0.007481311187265586,-0.026346697328489172
90,2021-03-23,-0.011155113501516867,0.0010661462783685554,9.235685184614533e-05,0.0002678794810689766
91,2021-03-24,0.0004508625776196897,3.937872405134391e-05,1.706748197737902e-05,0.00011066292782151865
92,2021-03-25,0.0008173569293527697,0.0012126172238708889,0.00010368968442285544,-0.00017739981006921544
93,2021-03-26,0.009034134096190565,0.0018297610576022854,0.00022208808060036376,0.0013514905617225547
94,2021-03-29,0.0008747418369451952,0.0005060127715872196,6.118915103478503e-05,0.0002497251712983247
95,2021-03-30,0.002080336306210597,-0.00010577003741418522,-4.834386152466267e-07,0.0002533952365754337
96,2021-03-31,0.0010264410004951837,-6.180491333411097e-05,7.664671370782302e-06,0.0005445209477162805
97,2021-04-01,0.013024876769526461,0.034527260754454066,0.004034002873984824,0.009958989789788882
98,2021-04-02,0.0003268815505746986,0.0006156744533728646,5.652535898952461e-05,-0.00020380823234071268
99,2021-04-05,-0.0046500363513361335,0.004036146496433931,0.0003344214364193926,-0.0017821325803993643
100,2021-04-06,-0.0011078389763448607,-0.0021556870485436278,-0.00017724501807048318,1.116212853955171e-05
101,2021-04-07,0.0074693388000580865,-0.0016814236938511684,-0.00012155858645625456,0.0010106425247664206
102,2021-04-08,0.005283041088552973,0.0019224291147783704,0.00015985944874396017,-0.0003212956578695114
103,2021-04-09,0.005886484850460614,-0.00023916041556260286,-3.468876287328898e-05,-0.0002127204670023742
104,2021-04-12,0.013754672654972334,0.008998039987483882,0.0009107152354566453,0.00136374304175703
105,2021-04-13,0.010306114753952631,-0.00014741914637806866,4.515725661528622e-06,0.00019689017954726363
106,2021-04-14,0.005260232052637052,-0.0003275326409233916,-4.455065094050442e-05,-0.00011293499974972154
107,2021-04-15,0.002122883721457401,-0.0016947026837906111,-0.00015730403087812526,-0.0009940407006160156
108,2021-04-16,0.003985087011860531,0.000975281791205116,0.00011082855909327882,0.0008713835363899337
109,2021-04-19,0.004668905690120842,-0.0018276400153370781,-8.116230372780985e-05,0.0012627282207230007
110,2021-04-20,0.005615496361536262,0.00024195129917441215,2.6435237854695575e-05,-0.0004736923993037224
111,2021-04-21,-0.007149145184083518,-0.0010782102603483013,-7.224654785932079e-05,0.0007743887367324882
112,2021-04-22,0.005174357642845814,0.0020306094779421603,0.00021582286071015916,0.00042221172164860467
113,2021-04-23,-0.0006249128225188744,0.002360112607330835,0.00024499457765646764,0.0008981214191795965
114,2021-04-26,0.004335097379219534,0.001747060610264594,0.00013333145720575938,-8.916558982037789e-05
115,2021-04-27,-0.003482401533914072,0.0016685160039166935,0.00019023857283316788,0.000991532605177652
116,2021-04-28,-0.015369081934438034,1.4801180499543043e-05,1.7398491512314246e-05,0.00033666748021695606
117,2021-04-29,0.7860111024087842,-0.7973607901427268,-0.07319057114517089,-0.23438121334568252
118,2021-04-30,0.00978845278010876,0.0564220189062287,0.005604610462680942,0.0045392124370124
119,2021-05-03,-0.016816598326607597,6.897081858293718e-05,-8.45791484856335e-06,-0.0005375644274494311
120,2021-05-04,-0.002733623662164039,0.0010377070984515864,9.378752530520006e-05,-8.146171948255899e-05
121,2021-05-05,-3.968253968253969e-05,2.3822801641527197e-22,6.749793798432706e-22,2.117582368135751e-22
122,2021-05-06,0.010404252247898376,0.0012579853290868056,9.077216939910832e-05,-0.00012310163514582545
123,2021-05-07,0.010380048211303642,0.0007880320284796426,0.00010048429176772258,0.0002297264562801117
124,2021-05-10,0.01744764133207771,0.002221077602233672,0.00021064667100744965,-0.0005125617056200523
125,2021-05-11,-0.008100794308968486,-0.0001920434536736953,-1.1234698151403779e-05,9.164568497940866e-05
126,2021-05-12,-0.008381138814258313,-0.001991136830072229,-0.00016360161147460251,0.0006336115954497549
127,2021-05-13,-0.008563631537693146,-0.003425171769463637,-0.0003021758693332677,0.0005087399214680427
128,2021-05-14,0.007571024928577769,-0.00012658904034714953,-3.724359684282909e-05,-0.0006980853711619846
129,2021-05-17,0.00013797112221305323,-0.004137733964438983,-0.0003980656306545313,-0.0002687748377275112
130,2021-05-18,0.01169457438494085,0.00050501858054086,6.149289474652425e-05,0.0004349529156544955
131,2021-05-19,-3.968253968253969e-05,2.3822801641527197e-22,6.749793798432706e-22,2.117582368135751e-22
132,2021-05-20,-0.0036061377486295947,-0.0015791921764836696,-0.00013830910535405207,0.00024725507780872365
133,2021-05-21,-0.010393002119453123,0.002375409401556588,0.00020281543219311825,0.00018903490227960724
134,2021-05-24,-0.012328518595697658,-0.0008237925588522305,-7.54003977228923e-05,0.00023686325301487435
135,2021-05-25,0.013748581945279295,-0.0027309887523895367,-0.0002519656092635407,-0.0006233322865676788
136,2021-05-26,0.004009826109619931,0.003130529331603246,0.0003145469824168635,0.0007304553295660614
137,2021-05-27,0.006022166282213167,-0.0006497562468188161,-3.064412824254709e-05,0.0008909783136897874
138,2021-05-28,0.0084782175363316,-0.00200150959628623,-0.00016854824999286937,0.0007466190568047545
139,2021-05-31,0.009679663543075319,-0.0018841685261406851,-0.00017634305310826732,0.0001372098395322966
140,2021-07-01,0.00665756610085083,0.00586893340895361,0.0004659009199540379,-0.0006006573085951823
141,2021-07-02,-0.00032876800975641476,0.0022998802213821793,0.00017584466145949596,-0.00010591044135017827
142,2021-07-05,0.009332134579171009,-0.00299965126544276,-0.000285307592246386,0.00018150692895189236
143,2021-07-06,0.0008455296294393884,-0.0015346614638959625,-6.429935605612945e-05,0.0027667995626239087
144,2021-07-07,-0.0050946524045903975,0.0012160896835647335,9.267320707071484e-05,-0.0001460165346937433
145,2021-07-08,-0.010249980399045294,-0.0021028753175828365,-0.00020259594418425687,9.224569426840987e-05
146,2021-07-09,-0.008573103924638373,0.0014933623051664965,9.172944620389928e-05,-0.0005504625065218477
147,2021-07-12,0.008546618854222504,0.0009820861045083768,0.00011989483104845415,0.00051965407430943
148,2021-07-13,0.009798325862704831,-0.0007868352990827263,-3.849252301200189e-05,0.0008088932238781648
149,2021-07-14,0.0025528474281572905,-0.001153094090385891,-0.00010752562093235203,-0.00013851399670694868
150,2021-07-15,0.0029587127715321685,0.004067014210523604,0.00036370930356951353,0.0008882076921343997
151,2021-07-16,-0.002996277257577992,0.00043853984173180003,-1.8175389974295777e-05,-0.0006644765894839841
152,2021-07-19,-0.005355078290356724,-0.0021631364109722206,-0.00025268658789098146,-0.0013507654592866767
153,2021-07-20,-0.0053755065313589034,0.001545021700674323,0.00022382473088038412,0.0005711893304753827
154,2021-07-21,-0.0034116389846458365,-0.0002188199431745952,6.957712923442755e-06,0.0002560632465140928
155,2021-07-22,0.009237199509619008,-0.0013722184110970621,-0.0001455767903503556,-0.00029913279512015745
156,2021-07-23,0.0050918583592799195,-0.00034833041364810914,-1.4781563402309323e-05,-0.00021978307436195985
157,2021-07-26,-0.012088673642322953,0.0011375967454902692,0.0001042206786614486,-0.00026522855902829084
158,2021-07-27,0.00022957316854066532,4.551544257956185e-05,-1.828937614171552e-05,-0.0006095068200956787
159,2021-07-28,-0.006278627712677525,-0.0002801077509330822,-5.467268050853068e-05,0.00021019470114578656
160,2021-07-29,0.005685300848753454,0.0021631924762625424,0.00022209774159786085,0.0003549222480336401
161,2021-07-30,-0.00545909507248042,-0.004367128886359935,-0.0003995931003334474,0.0005919830254613232
162,2021-08-02,0.004699568262766302,-0.0007304123384854848,-8.531082266660345e-05,-6.706378185286753e-05
163,2021-08-03,-0.006802483052587329,0.0023102860620692932,0.00012934574273064609,-0.0006801000868965013
164,2021-08-04,0.013309871474251129,0.00016319659717675434,5.441028502527246e-05,0.0005042615678051883
165,2021-08-05,0.003961005184179031,0.00040854920419329803,-2.9886220753039876e-06,-0.0008811936088085161
166,2021-08-06,-0.002619303874643348,0.0005798938394268168,2.3298526309068558e-05,0.00011897098302900632
167,2021-08-09,-0.013671547323409923,0.0027881966387262114,0.00022403208033893175,-0.00020374216799793715
168,2021-08-10,-0.003119314845973343,-0.0013904618574426986,-9.841739310432614e-05,0.00045793174340296214
169,2021-08-11,-0.0004181100746183977,-0.0008261285782102351,-0.00011805610676191763,-0.00018093398939427748
170,2021-08-12,-0.0013154818689586766,0.0014972932828796015,0.00013708664891441056,-0.0004625133601108818
171,2021-08-13,-0.014207949764351807,0.0012346835557266321,0.00012847422870359502,-0.00021242265605552423
172,2021-08-16,-3.968253968253969e-05,1.9058241313221758e-21,-7.940933880509066e-23,0.0
173,2021-08-17,-0.026723084119992836,0.0005679261901320385,6.502016404984893e-05,-8.973535266994459e-05
174,2021-08-18,-0.005328623417461688,0.010241792636145393,0.0008722628037382404,-0.0010679012426812965
175,2021-08-19,-0.03462213891034927,0.004093025620350459,0.00042371971417812617,0.0013651625183885032
176,2021-08-20,-0.022621486990035945,0.0019546236334330763,0.00013283516848921226,-0.0006093670597495566
177,2021-08-23,0.0189592240772765,0.001296323301709507,0.00014000866096738554,3.7254851548307745e-06
178,2021-08-24,0.028004924934883813,-0.0011649017132003795,-0.0001249466819136921,-0.0011257847526328396
179,2021-08-25,0.010474663043988433,-0.0004925730414297571,-4.840444734696863e-05,-0.00012295637657955892
180,2021-08-26,-0.007144719132407697,0.0009249479002301325,5.419454534955629e-05,0.0003589666916338386
181,2021-08-27,0.0035549085633027225,-0.0005140981391446754,-5.329285668800457e-05,-0.00025029094291479433
182,2021-08-30,0.006031231616220129,0.0010011800447197261,9.456742087998729e-05,-0.000776859806829367
183,2021-08-31,0.010282916722543577,-0.0008609750933932179,-0.00012587801130423473,-0.0008932440225069861
184,2021-10-01,-0.017903716720955934,-0.0016692652868056054,-0.0001588023656207863,-0.00047845632852723313
185,2021-10-04,-3.968253968253969e-05,1.9058241313221758e-21,-7.940933880509066e-23,0.0
186,2021-10-05,-0.018412145831494593,-3.4348441685432224e-05,2.0255608185970568e-05,-0.0002590985443836666
187,2021-10-06,-0.025676816044510366,-0.0004402273527952556,-4.222583625166576e-05,-0.000598995950384562
188,2021-10-07,0.027016259721372442,0.0005810321697525865,4.995367057418563e-05,0.00018962296347786435
189,2021-10-08,-0.0013807367550220905,-0.0002599576722353926,-5.8199368806363585e-05,-0.0004936715343246734
190,2021-10-11,-3.968253968253969e-05,1.9058241313221758e-21,-7.940933880509066e-23,0.0
191,2021-10-12,-0.011808175260393416,0.000401286496521803,3.4151611874096975e-05,-0.000401441614932668
192,2021-10-13,0.011755391697468517,-0.000272890973233389,-4.536568681545207e-05,-0.0005066398893571122
193,2021-10-14,0.017285200496725682,0.0018521653659212879,0.0001518315828488279,-0.0006428326843659295
194,2021-10-15,0.007321866393895365,-8.757064477159698e-05,-2.1451666329159206e-05,-0.00016229146685503907
195,2021-10-18,0.0022202693768263084,0.00022966447040856087,-1.1621965261742026e-05,-0.0006340959137886028
196,2021-10-19,0.006880044275673772,0.0009970583138141143,8.538495118135913e-05,-0.0003327655152522016
197,2021-10-20,-0.0042065375592449175,0.00030294568794628793,3.2792410250839295e-05,6.452081966322239e-05
198,2021-10-21,-0.0019120657249181911,-0.0007593319256366732,-8.619759142132374e-05,-0.00013824666812656668
199,2021-10-22,-0.0016579556518967844,0.00033263994893913595,3.104185047919046e-05,-0.0003584173962128651
200,2021-10-25,0.0040561905713792056,-0.00041954210952419865,-3.71988858473781e-05,2.5803787185646657e-05
201,2021-10-26,0.010739211684214208,0.0021526632940145956,0.00022920627651132312,0.0008275920219060627
202,2021-10-27,-0.0072677403514018885,-0.0007222815610944956,-7.116213391678732e-05,1.3522391303954595e-05
203,2021-10-28,-0.011405260437223372,-0.00065618651521723,-4.139299012941729e-05,0.001027441658651207
204,2021-10-29,-0.010216817502262292,9.771616525464403e-05,2.1106128904833108e-05,0.0003388831867461804
205,2021-11-01,0.003988924175144546,0.0006093763311865146,6.356833393759238e-05,7.521617244742908e-05
206,2021-11-02,0.010541443505935558,0.0010984606228747697,7.702441875330588e-05,-0.00023588510051680275
207,2021-11-03,-0.016108246053962046,0.004114613296280658,0.0003194153815486241,-0.0018333766892086943
208,2021-11-04,-0.00593918000989446,0.0008403183159303202,6.9117197398883e-05,-0.00038477305839296026
209,2021-11-05,0.27668472760046253,-0.26526044206336924,-0.02153839707794521,0.10236130415430496
210,2021-11-08,0.00012624254925369758,-0.00017186822645248723,-2.3402790617783438e-05,-0.00017968297311687115
211,2021-11-09,-0.002523832145808154,0.0004724522509482457,4.0214002675540607e-07,-0.000656626586908339
212,2021-11-10,-0.017272704570109328,-0.0016482626558936026,-0.0001809473310773562,0.0003990889286456144
213,2021-11-11,-0.008501026921268499,2.6050169123790015e-05,3.1254293471894758e-06,-0.0009230291493517228
214,2021-11-12,0.016038092014622852,-0.00019121731550943358,-3.2003477432731125e-05,-1.3245102946650553e-05
215,2021-11-15,0.013594886222925396,0.00013671886341820624,-2.2594810989438556e-06,-0.00042942974728878093
216,2021-11-16,-0.0003294918209171575,6.731271096418445e-05,-2.8200836200926593e-06,-0.0004066348219625278
217,2021-11-17,-0.014661897504479101,-0.0004679879332890015,-4.507569204487546e-05,-0.000215714299296559
218,2021-11-18,-0.005979700458276562,-0.0006804119639250896,-3.922098267801952e-05,0.00045492531874807385
219,2021-11-19,0.004991259353384927,3.1373394042335395e-05,3.457638614598045e-05,0.0004016885780020812
220,2021-11-22,-0.0006827952061004746,0.0008969647701077009,8.45908400816282e-05,0.00022826465421280572
221,2021-11-23,0.07684698994619779,-0.06622803307657209,-0.006400111568090504,-0.0042867421793290035
222,2021-11-24,0.002475139335068489,0.0001989399753626226,3.136759045736007e-05,-0.00015684121624080164
223,2021-11-25,-0.006082056921547889,-0.0021705094433514946,-0.00018564155673188076,0.0006565417454549611
224,2021-11-26,-0.01413592159219753,-0.0005959349163789661,-7.360535306738918e-05,-0.0009477978973581616
225,2021-11-29,-0.013948044814120483,-0.0016144919720723196,-0.00013753593990251743,0.00038483857072982877
226,2021-11-30,-0.029490689565773255,0.0005174578086131751,3.2317086175535074e-06,-0.002137601642504622
227,2021-12-01,0.014089919595860098,-0.00035220198500752185,1.197170644271851e-06,0.0009476535165594858
228,2021-12-02,0.014842258534144413,3.636686659933068e-05,2.8237921531501313e-06,0.0003115215265624639
229,2021-12-03,0.015153067576094454,0.0030327445944452218,0.0002433418224002016,-0.0011984233646192431
230,2021-12-06,-0.0016306953480885096,0.0022112193015054417,0.00014584936480745568,-0.0014371936448281182
231,2021-12-07,0.010790440355766834,0.0003467531170763101,4.003099795841027e-05,0.00020604571161569052
232,2021-12-08,0.0020248024567903287,0.001075100228560338,0.00010338586555847768,-0.00039376303565463483
233,2021-12-09,0.011579482201069106,0.001016732852756181,9.606598228909214e-05,-0.0001018005693720373
234,2021-12-10,-0.004696904806101224,-0.0002016615495533286,-1.4747785666915554e-05,0.00025984283732123067
235,2021-12-13,-0.0035611952721230984,-0.0020906420455740074,-0.0001548151806952199,0.0012376642395322886
236,2021-12-14,-0.0009195542263855754,-0.0013165995854043106,-0.00012922743566169177,-0.00013419876597191115
237,2021-12-15,0.0030098003168138195,0.017390465711906566,0.0017578750496399283,0.003121780377402626
238,2021-12-16,0.002421433396642101,0.0009041677389518242,7.937849548045553e-05,-0.0004952046011132235
239,2021-12-17,-0.0006219112266287907,0.0009899017350863725,9.199426213990643e-05,-8.276585380635301e-05
240,2021-12-20,-0.012870568624080092,-0.0022467884812426998,-0.00018135934703047082,0.0004593800991632559
241,2021-12-21,0.0040690996497488256,0.0003205291599241195,2.6790858375910247e-05,-0.0005362251376081994
242,2021-12-22,0.0025181351784422353,-0.0010656846053040312,-0.00010491466896148314,-0.0001271878555044153
243,2021-12-23,0.006511176882047492,-0.0022321133562825295,-0.00015817052245384742,0.0013063497358816302
244,2021-12-24,-0.006362132771966494,0.00932944922269928,0.0008775226097971617,0.005454447209627101
245,2021-12-27,0.010557147934257976,-0.009138446257992226,-0.0008746355845899803,-0.0034271232008866656
246,2021-12-28,-0.003152301985061672,0.007953025214761676,0.0007004820555420565,0.0013018854470326596
247,2021-12-29,-0.0100432406756059,0.007183556051605224,0.0006544985951721331,0.0011764890448248066
248,2021-12-30,0.0031848163203447126,0.01706976590176628,0.001798015725904991,0.006084908534877979
249,2021-12-31,-3.968253968253967e-05,-1.3234889800848443e-21,-3.341809674714232e-22,1.0587911840678754e-22
250,2022-01-03,-0.002782094257240332,0.006867753850168165,0.0006296017484305294,0.00099442912735926
251,2022-01-04,-0.011172021295766187,0.012933376309469159,0.0012150723153292456,0.0034739356832992813
252,2022-01-05,-0.014589577625634932,0.0013486679152991791,0.00010860938454999966,-0.0005941342539952461
253,2022-01-06,-0.01718200841667917,0.0012976911600589768,0.00011379924852103669,-6.140151810848438e-05
254,2022-01-07,0.012203952512081083,-0.0010425426940644986,-0.00010378450453602995,-4.813696849788717e-05
255,2022-01-10,-0.009147028054796544,0.0007756576193668394,5.770441696130834e-05,-0.0006113061623399336
256,2022-01-11,-0.006811641521936607,-0.002225863407041269,-0.000201592018126467,-0.00042717660673520275
257,2022-01-12,0.0170443400813944,0.0006569578236570974,4.523760896548311e-05,5.8214760247730934e-05
258,2022-01-13,-0.003988673212724539,-0.0015494272912534048,-0.00013060011903092203,-0.00018749600680398586
259,2022-01-14,-0.013098698795149768,0.0004899061101790761,4.088065035092657e-05,2.863769542439164e-05
260,2022-01-17,-0.016453156029225452,0.0017573111043311085,0.0001542584776884043,-0.0002113899401324243
261,2022-01-18,-0.01569056032651834,-0.0007257211895076116,-5.691076172465782e-05,0.0001210065360653119
262,2022-01-19,-0.006074911563172027,-0.0009207054113687535,-7.758225953734824e-05,-0.00020081530963533104
263,2022-01-20,0.01522838794395668,0.0013333568004808623,0.00014711964198496773,0.0008839392859240254
264,2022-01-21,-0.00945686736012235,0.0006960639561192202,6.177865846871021e-05,-8.34893071717581e-05
265,2022-01-24,-0.02158810160494483,-0.0012821044872283912,-0.0001346533578640645,-0.0011435488686655773
266,2022-01-25,-0.03075708721491135,-7.752242273252727e-05,1.854822218363948e-05,-0.0002846563396822613
267,2022-01-26,0.0008870226892136522,-0.002278740660212507,-0.00017934065491984725,0.00079510330807351
268,2022-01-27,-0.03995793149663676,-0.000284777412858985,-5.117558421276904e-05,-0.0007454106339634142
269,2022-01-28,0.059750773717751754,-0.013137400895879803,-0.0010684812616970198,0.004592323070198981
270,2022-01-31,-3.968253968253966e-05,-2.329340604949326e-21,1.0687173514185118e-21,7.411538288475128e-22
271,2022-03-01,-3.968253968253967e-05,6.88214269644119e-21,9.926167350636332e-22,8.470329472543003e-22
272,2022-03-02,0.001621024359772846,0.00465674567600408,0.0003878244631482317,-0.0012898823653740247
273,2022-03-03,0.012336773986429897,0.000678221103183322,6.114983107238248e-05,-0.0002267191967727119
274,2022-03-04,-0.006673883850029232,-0.0012241397176507272,-0.00011727577538456636,0.00029575115899359555
275,2022-03-07,-0.02174590313591618,-9.952311632175823e-06,-4.149937031907528e-06,0.00021781080710165418
276,2022-03-08,-0.012106143588915172,-0.0019887080939373406,-0.0001680219300897765,-9.796866009070855e-05
277,2022-03-09,-3.968253968253967e-05,6.88214269644119e-21,9.926167350636332e-22,8.470329472543003e-22
278,2022-03-10,0.020055622278354814,-0.0002921952535118739,-2.1119647588942017e-05,-0.00013413606210082357
279,2022-03-11,0.007177494523591088,0.000562607016973123,6.575308808665493e-05,0.0003336361613600966
280,2022-03-14,-0.013470220337063004,-0.0021160874522936184,-0.00018540080613194248,-0.00016520918157819956
281,2022-03-15,-0.0035403950921955355,0.00029841040282315253,1.457962840684354e-05,-0.0002217220637648888
282,2022-03-16,0.015593684707194563,0.0008682737853917293,8.031899545795016e-05,0.00015137131174878756
283,2022-03-17,0.011764815387824742,0.0016720950453054779,0.00016930019644390034,0.000493984295260535
284,2022-03-18,0.004831123521060092,0.0008128609455096652,6.930074909310051e-05,-0.00015466150021974426
285,2022-03-21,-0.00356124264787606,0.00036792790218511025,3.612249390948918e-05,7.89910212879337e-05
286,2022-03-22,0.003240194805036912,0.001364263156072114,0.0002741748019023589,-0.0004851209694892
287,2022-03-23,0.0016266035107794386,-2.6000294288920525e-05,-1.1709718415730035e-05,-0.0005999147646940578
288,2022-03-24,0.007997213265422387,-0.003752877579174363,-0.00028433847289932205,0.0013326324419104677
289,2022-03-25,-0.0029145722080613445,0.0008574493286787121,4.8196060419884655e-05,-0.0004467417522864006
290,2022-03-28,-0.00267885648521033,-0.0005034952461846033,-2.23576002728687e-05,0.00036739034588632587
291,2022-03-29,0.012652490124229612,-0.002242137172157958,-0.00023117882861040418,-0.0012916059756384103
292,2022-03-30,0.0050923521013484605,0.0010601154021222152,0.00010089022178670656,0.00019177516167127656
293,2022-03-31,0.011635579443943535,-0.0030351745957556044,-0.0002962700288953403,-0.0009416469725191955
294,2022-04-01,0.0018835371912454264,-9.2052993115169e-05,-4.1727181049230406e-05,-0.0011635665689907215
295,2022-04-04,0.010044179336430965,0.0020160112446101002,0.00015793122632691168,-0.0011540436270225122
296,2022-04-05,-0.0031336504096231613,0.00043050204851257474,6.487518166289669e-05,0.0012069094750179273
297,2022-04-06,-0.0064568573925005875,5.537762463401992e-05,-1.9314357801255643e-05,-0.0006579372934247506
298,2022-04-07,-0.016571213353089625,-0.0005752608541983982,-5.16863259100827e-05,0.00029167840709671714
299,2022-04-08,0.001154123588609771,0.0007847422971289195,6.501650670573918e-05,-0.0002612061923325267
300,2022-04-11,-0.0072727176332353805,0.0004307194859292491,2.7029014374532246e-05,-0.0001674453467754178
301,2022-04-12,-0.007929036414099257,-0.001137625444081425,-0.00010183711447948123,0.000120329906136938
302,2022-04-13,0.013473587741725662,0.0014720425934146375,0.00014303665742203646,0.00043972174817283907
303,2022-04-14,0.2533738697936447,-0.150163393049573,-0.00980513693492286,0.12280016860804326
304,2022-04-15,-0.003704860826671961,0.00046902572861145814,5.465246335894698e-05,0.00037667074870712615
305,2022-04-18,-0.004030326872898786,0.0011631928516279396,0.00012114662128825054,0.00048221267820724924
306,2022-04-19,0.013373581140559232,-0.002557011964282774,-0.0002485738246337319,-0.0004673983067110377
307,2022-04-20,-0.003875786451284548,0.0008759392438900178,9.704295241032266e-05,0.0005725856549068553
308,2022-04-21,0.0013361940648632157,0.0005760854241285307,5.3275842303029165e-05,-4.194735321909229e-05
309,2022-04-22,-0.0074040410175691095,2.7177540439926075e-05,-2.3778904471847084e-05,-0.0003554008660631265
310,2022-04-25,-0.02018130146400543,-0.0011306373042378616,-0.00013578922540577256,0.0003328427190639737
311,2022-04-26,0.00672580414312351,-0.0009128386642238682,-0.00011742549825176528,-0.000764100162826983
312,2022-04-27,-0.01008286028115467,-0.0011188943075277772,-8.954703565616361e-05,-9.480691581408422e-05
313,2022-04-28,0.005095436246683793,-0.001784992735425177,-0.00012886503485955186,0.0008523194466375456
314,2022-04-29,0.20015161708227414,-0.11516630834769138,-0.008994250691949738,0.045501945400315984
315,2022-05-02,0.07549470086564146,-0.04543475485682321,-0.004435830099098188,-0.009239428278059427
316,2022-05-03,0.0009155172269011799,-0.0019825971898845625,-0.00022415046229537432,-0.0006899574583695905
317,2022-05-04,-0.0010734877759383478,-0.0003784576621720742,-4.890820251132461e-05,-0.0003328898331538753
318,2022-05-05,-3.968253968253967e-05,6.88214269644119e-21,9.926167350636332e-22,8.470329472543003e-22
319,2022-05-06,-0.01055941449688226,-0.00021102287835308796,-2.197700215451547e-05,-0.00038973153481395754
320,2022-05-09,-0.019933486746030307,0.0009961355166760019,0.00013087830216334715,0.001638718153913791
321,2022-05-10,-0.007604867345510683,-0.0002668637867858401,-3.524391039322183e-05,-0.00014878191782645927
322,2022-05-11,0.0033868325931530846,0.0001848244764569255,2.020380399882903e-05,0.00011311094844347342
323,2022-05-12,0.010838723564154598,-0.023269387429569847,-0.0023281681029934326,-0.00521676667981438
324,2022-05-13,0.020694969615497216,0.0003900573136070191,2.7755346062394393e-05,-0.0009192507852809382
325,2022-05-16,0.0034923764357265566,2.3103957366390034e-05,-1.7321568723775497e-05,-0.00021971097127158787
326,2022-05-17,0.006786811539582152,-0.00012294159353371672,-1.969992315668864e-05,-0.0003972315995139829
327,2022-05-18,-0.0002811069552917922,0.00012038308245813662,2.128739340560444e-05,3.272570176275489e-05
328,2022-05-19,-0.012910548604170222,0.000177090799240047,2.4700546975656063e-05,-0.0003133163514870206
329,2022-05-20,0.013376017463220034,0.00026381793921173005,-2.305525203343363e-06,-0.0007509929002694032
330,2022-05-23,0.007629786562469338,-0.00021734830181426783,-5.5035636532698875e-05,0.00015277447462065126
331,2022-05-24,-0.011947955988675062,-0.00201418359370773,-0.00020866769962404677,-0.0004243162678828337
332,2022-05-25,0.005965855487537196,-0.00017922730512796593,2.7024722419577295e-06,-0.00026186800990645815
333,2022-05-26,0.0010767410924964523,-3.214720234135342e-05,-1.3133306876109401e-06,-5.921990601619198e-05
334,2022-05-27,0.007037164374023152,-1.646647335373883e-05,-3.4208224778396744e-06,0.0006437762574425314
335,2022-05-30,0.009858549140093851,0.0012519638328877705,9.67377918510124e-05,-0.000413779596723518
336,2022-05-31,0.00820521570775015,-0.0005470177319644184,-5.998883211277322e-05,-0.001040588332169667
337,2022-07-01,-0.009437174872243489,-0.0016645730894100028,-0.00015883396223964342,-0.0005189244941697724
338,2022-07-04,-0.008916010680635217,0.0021971199378547695,0.0002112747670999365,0.0002539081457521579
339,2022-07-05,0.022762724259643412,0.004063891540727316,0.00039000909756203785,0.0006930728988869584
340,2022-07-06,-0.018463549925468604,-0.000955114269198924,-0.00012110565903858422,-0.00047089486125790285
341,2022-07-07,0.013521256088640313,0.0011175504291042462,0.00010889839018537157,0.00012386543766304442
342,2022-07-08,0.005017140945965793,0.003854704271109989,0.00040150793891194467,0.0019112291337604087
343,2022-07-11,-0.003936228308732691,0.000867113899450046,9.642862174455942e-05,0.000613428614267233
344,2022-07-12,-0.015043282135159408,-4.395078055071896e-05,3.994195148284579e-06,0.0004636088037126663
345,2022-07-13,0.0067816325167910935,0.00107498158912089,0.0001382490934233525,0.0007785585423015119
346,2022-07-14,0.0017938390082093921,-0.0004187075395956306,-4.561962760827273e-05,-0.00020636389632451644
347,2022-07-15,-0.004594803209394834,-0.0010152282299585901,-9.077831483979516e-05,-0.0001250431849552794
348,2022-07-18,0.017762376725665774,-0.0005868291292253425,-5.6756589096245556e-05,-0.0001876231232199351
349,2022-07-19,0.005583721406962474,0.00042307255439695356,3.427116748798575e-05,0.0002290261928631133
350,2022-07-20,0.00999219108457921,-0.0015786141151154618,-0.00015250160715171783,-0.0002637090293631561
351,2022-07-21,0.00434707072374675,-0.000761245424733596,-6.177847057776113e-05,-0.0001419148316194018
352,2022-07-22,-0.01738819160266114,0.038133637698611826,0.003818169949663587,0.013214569215029972
353,2022-07-25,0.0024365202241715856,0.0013257488216724584,0.00014354508605883114,0.0005906861413115642
354,2022-07-26,0.00037107131206602395,-0.0004265485816331683,-5.186973735988055e-05,-0.0008645061347386102
355,2022-07-27,0.003587598406488929,-0.0010380898493371918,-0.00011583844389854834,-0.0007402123618793788
356,2022-07-28,0.00471362048332891,-0.0012300554570326835,-0.00011896803462691995,-0.0004750284833923889
357,2022-07-29,0.009807094451902339,-8.212958564704881e-05,4.950238578961168e-06,0.0002865193737561998
358,2022-08-01,-0.0012374739882325264,0.0014911390680123454,0.00012905258245217422,-4.014361140247578e-05
359,2022-08-02,-0.005942927777027058,-0.0018758147052641808,-0.0001577542355918806,0.0002645638243526332
360,2022-08-03,0.00981702499743922,-0.0009467089198825175,-9.700871360561357e-05,-0.0005078054923102824
361,2022-08-04,0.006920303364944788,0.0006646643446173003,5.9016189603831075e-05,-0.00040518270242910525
362,2022-08-05,0.01070865584562555,0.00039225023176359277,3.020803476508605e-05,-0.00028655837219149563
363,2022-08-08,0.002409290396914212,-0.00211694872809668,-0.00017660399883459203,0.0003363009725233508
364,2022-08-09,0.0068000071191007955,-0.001327134105355077,-0.00013451367533892097,-0.00015025812730683604
365,2022-08-10,-0.010763387173187092,-0.0009299428008972919,-0.0001102624445729582,-0.0003602711203344897
366,2022-08-11,0.016908235946066545,-0.0005944212536197588,-7.174097983940068e-05,-0.0009080813789007762
367,2022-08-12,-0.0006990961690671094,0.0011456926055353346,0.0001184002029405944,0.0005497915351200986
368,2022-08-15,-3.968253968253967e-05,-2.3822801641527197e-22,1.730461841460934e-21,1.5881867761018131e-22
369,2022-08-16,-0.01181282704817387,0.008753890323485109,0.000835704656310817,0.0010988845001848881
370,2022-08-17,-0.010502778660465626,-0.002292433250673398,-0.00020688685459296127,-0.0002743938052955297
371,2022-08-18,-0.007779143901002384,-0.0008071734543642657,-0.00010223038806029238,-0.000733649677084941
372,2022-08-19,-0.00597431959065322,0.0003013379300249893,9.713620996108789e-05,0.003320344072479662
373,2022-08-22,-0.01692641698368793,-0.00044855938036938466,-5.1184092634574466e-05,-0.0007922337509656939
374,2022-08-23,-0.013450229728579642,-0.0007351318993421084,-7.649877795788707e-05,0.0003253984662997136
375,2022-08-24,0.007010001018713467,-0.00010834852511175252,-1.6215791777185584e-05,-0.0003367008463646872
376,2022-08-25,0.012753576380389573,0.0004294650728598761,5.7412972840277925e-05,0.0002418422828343887
377,2022-08-26,-0.005231674788396435,0.0009301222537291156,7.927271309213972e-05,-0.0003239129069072912
378,2022-08-29,-0.022208616244405066,-0.0024960574643153816,-0.00024420243726532546,-0.00043771645731674735
379,2022-08-30,0.015591986985363742,0.000666490385400156,7.64020006701272e-05,2.904715998623721e-05
380,2022-08-31,0.006956290091190505,0.0002308273369156761,-1.4470309587311321e-05,-0.0012282759376697474
381,2022-09-01,-0.02007657333200419,-0.0017399732072204846,-0.00015989175611967648,0.00018539042681713796
382,2022-09-02,-0.002290551102382943,-6.974290985337263e-05,-1.3085872893597241e-05,-0.00022019182840090723
383,2022-09-05,-0.007783835686600876,-0.0017629014573139496,-0.00015975736937643936,-0.0003433754473481581
384,2022-09-06,0.005302630431322956,0.0013754053199819304,0.00012365237762798067,-0.00012835422560624412
385,2022-09-07,-0.018744275626512905,-0.0015389412705583932,-9.423763451337663e-05,0.00130949265694375
386,2022-09-08,0.009631788543114281,-0.0008044958813056954,-5.9197231991824706e-05,0.0002067173124124228
387,2022-09-09,-3.968253968253967e-05,-2.3822801641527197e-22,1.730461841460934e-21,1.5881867761018131e-22
388,2022-09-12,-3.968253968253967e-05,-2.3822801641527197e-22,1.730461841460934e-21,1.5881867761018131e-22
389,2022-09-13,0.016520543376350446,0.004288352493584059,0.00042131467032700554,0.001019918185724684
390,2022-09-14,-0.01742455458213221,0.0006824687865301937,6.697898529478768e-05,0.0005440548383850004
391,2022-09-15,0.012796192435017709,-0.011645564978229763,-0.0010499338049579344,3.2312050425227035e-05
392,2022-09-16,-0.012752889251996349,-0.0029845683336578704,-0.0003155121486444843,-0.0009863282046269812
393,2022-09-19,-0.01789420268241175,-0.00174882753241151,-0.00015343554189680374,0.0006210563854264668
394,2022-09-20,0.012941497238110378,5.115728948888818e-05,3.6380039636314332e-09,-4.631181728955141e-05
395,2022-09-21,-0.011111597759286392,-0.0011818773544820973,-0.00010162042353526805,0.0001565109912301334
396,2022-09-22,-0.002898782346803408,-0.0035234054066363555,-0.0002801017545319723,0.0009695672547965051
397,2022-09-23,-0.01934494573899525,-0.0009656434576554509,-8.019897359315918e-05,-0.0010765048860981207
398,2022-09-26,-0.038519108031118424,-0.0031886934059449186,-0.0002444836123114578,0.0005865999085435166
399,2022-09-27,0.003055909089074869,0.00043619802434767497,4.329177597019063e-05,-0.0002189878334252166
400,2022-09-28,-0.026045588262467664,-0.0013964803545836878,-0.00014731006933293018,-0.0014866169246244522
401,2022-09-29,0.0006174490209364279,0.0005263297839369692,-5.261204736133967e-06,-0.00024634618637646807
402,2022-09-30,-0.004066069676363061,-0.0011356781489218412,-9.795126358164834e-05,0.00040475627207405473
403,2022-10-03,-3.968253968253967e-05,-2.3822801641527197e-22,1.730461841460934e-21,1.5881867761018131e-22
404,2022-10-04,0.02180877797877307,0.0023015157874273816,0.00020625200407842648,-0.0007686097791971114
405,2022-10-05,-0.010422096167190396,-0.0026337623927995663,-0.00017162280195691574,0.002164102370418717
406,2022-10-06,0.018334509955806582,0.004000107296398104,0.00043932499579133654,0.0022249771463474406
407,2022-10-07,0.0007804109882742982,-0.003238044168425578,-0.0002454019113323049,0.0018137310694959592
408,2022-10-10,-3.968253968253967e-05,-2.3822801641527197e-22,1.730461841460934e-21,1.5881867761018131e-22
409,2022-10-11,-0.03880390865411082,0.0029850221029041647,0.00034221790345730866,0.001752637055996468
410,2022-10-12,0.0011479273968027872,0.001784290592867213,0.00016788552020507167,-0.0005875271980470029
411,2022-10-13,-0.026662945436629688,-0.004705851481769965,-0.0004428510708591252,-0.0011354189469603758
412,2022-10-14,-0.02699616569369855,0.18373096322154095,0.018410354432740885,0.06337958351295579
413,2022-10-17,-0.00039650523215340106,0.0011705640222775455,9.236217040596964e-05,5.5968412538975085e-05
414,2022-10-18,0.024929075820398845,0.0008377594686958313,6.823569298410532e-05,0.0001421954472854439
415,2022-10-19,-0.0067654049391675086,-8.686496615622661e-05,-2.8926601322309804e-05,-0.00016196138746985944
416,2022-10-20,-0.007241061378635195,0.0002986852475308228,4.895931698933241e-06,-0.0005305875998878223
417,2022-10-21,-0.011947252507377435,-0.0007788233443338001,-3.0507341086554283e-05,0.00046606787321932093
418,2022-10-24,0.012229414518229564,0.00043601903557646094,3.0832732066273845e-05,-0.0002639739819432164
419,2022-10-25,-0.004786873049649309,0.00020767635391137683,2.553780586037353e-05,0.0007015599618489607
420,2022-10-26,-0.00664049250448432,-1.4039340561098723e-05,-3.20085917664786e-06,-0.00038829991992273054
421,2022-10-27,0.01641055668471325,0.0031700446962538154,0.0002999076105079439,5.518901056940145e-06
422,2022-10-28,-0.011011808428464595,0.004444052493847822,0.0003905354716287652,-0.00028623710551604854
423,2022-10-31,0.0023462659318840896,-0.004785536676405968,-0.0004013490440420777,0.0019144419039727857
424,2022-12-01,0.009279015816953475,0.0019573352677639336,0.00019977196871219996,0.0006042895753640488
425,2022-12-02,-0.01162807474112473,-8.363720496142079e-06,-5.169021197605173e-05,-0.0011224224910032408
426,2022-12-05,0.00018820141529503895,0.002369032859131372,0.00021500590437362475,0.0007360501847196013
427,2022-12-06,-0.014771341655910304,0.0004752866910988753,7.775561481045258e-05,0.0006224996209896253
428,2022-12-07,-0.002032143966398863,0.0004986964113312258,4.2727628064296025e-05,-0.0005646452604029722
429,2022-12-08,-0.006391594190529208,-0.0002807928120041761,-2.3297126199793594e-05,-0.00015167370053562043
430,2022-12-09,0.017751774918841674,-0.0002605120262391412,-6.524437480507759e-05,-0.0016481184786378686
431,2022-12-12,-0.0038672670730545223,0.0036479402737895896,0.0003386754068282117,0.0010690989149112035
432,2022-12-13,0.004065592373123825,-0.0016005861192523955,-0.00012423551458379774,0.0005812629725377525
433,2022-12-14,0.012053681453465866,0.0022526694776736967,0.00019600048782208277,-0.00037174483717603197
434,2022-12-15,-0.006418962837114989,-0.006319193313789756,-0.0006065443894758161,-0.0008483880606080924
435,2022-12-16,-0.003341070743515474,0.0026697457901097184,0.00024641606849845046,-0.00030734921072027657
436,2022-12-19,-0.0025443101957813605,-0.002262503617087381,-0.00018836553686273254,0.00027247548372628374
437,2022-12-20,-0.011216094325634675,-0.0029699133996360007,-0.0002873505713801505,-0.0008710244237525782
438,2022-12-21,0.004898196128968018,0.001033625906343933,9.798813544968939e-05,-0.00020061207851698916
439,2022-12-22,0.011081959308598675,0.0016406806703214663,0.00014332335383051436,-0.00048187776634743193
440,2022-12-23,-0.023483951781293706,0.0021302571505968744,0.0002320642563874294,0.0008938790026535495
441,2022-12-26,-0.0004503650707014462,0.0031857208892950325,0.00029245410445019176,0.00022445361431296535
442,2022-12-27,0.010532364406120917,-0.000664283973467559,-5.9294370424088855e-05,-0.00043211214524220846
443,2022-12-28,-0.00867347887091497,-0.0021115684439384818,-0.00022498508102136638,-0.001009615627024893
444,2022-12-29,-0.01945646537858939,0.0005510863145860986,5.416930102633478e-05,-0.00031287972618388794
445,2022-12-30,-3.968253968253968e-05,8.523269031746397e-21,2.3161057151484775e-22,3.1763735522036263e-22
446,2023-01-02,-0.014321945886579191,-0.0013293589850710845,-0.0001140775541358414,0.0004591901490226893
447,2023-01-03,-0.002203412888680642,-0.0010207376340973528,-4.853022957918518e-05,0.0007288898024665805
448,2023-01-04,0.007721127192968868,0.0013233886138374414,0.00011566102313793761,-0.00016467741763691882
449,2023-01-05,0.001075252766946641,-0.0019077315201940202,-0.0002030286206994913,-0.0004025598307883522
450,2023-01-06,0.007448429059402493,-4.814616333118519e-05,-3.1308795532289084e-05,-0.0008601382701208129
451,2023-01-09,0.02334618488934112,-0.00037443918345785883,-1.4245997022824203e-05,0.00030252262655076315
452,2023-01-10,0.0004894721059150842,-0.002399687822152703,-0.00023069221379598458,4.9071007072233016e-05
453,2023-01-11,0.0064194965629387046,0.00232321784364726,0.0001719141253822645,-0.0014456350560607646
454,2023-01-12,0.00543522893177632,-0.0013983204868199934,-0.00011698413398498808,0.00030329972744276015
455,2023-01-13,0.004994281839243244,0.0013358672306953922,0.00017155094169297343,0.0015422615991387972
456,2023-01-16,0.006372245907475265,-0.00026358202481760137,-7.203273998945814e-05,-0.0017979553371703955
457,2023-01-17,-0.007760218239891065,-0.0010689681798824796,-0.0001022789231084636,-0.0005003275970001429
458,2023-01-18,-0.0006344634328341671,-0.0017781279657376236,-0.0001650828296287291,-0.0001788526731362681
459,2023-01-19,0.0016070810263692495,0.0012291187937938928,0.00010215222796782991,-0.000596394850495573
460,2023-01-20,0.0017774087391242764,0.0015427707134964012,0.00012560051141434847,-0.00032618517207879815
461,2023-01-23,-3.968253968253968e-05,8.523269031746397e-21,2.3161057151484775e-22,3.1763735522036263e-22
462,2023-01-24,-3.968253968253968e-05,8.523269031746397e-21,2.3161057151484775e-22,3.1763735522036263e-22
463,2023-01-25,0.0044426529982160845,0.0004072760065365545,4.039999479204281e-07,-0.0014409288961414169
464,2023-01-26,0.008152798138626485,0.0015148960246943873,0.00012850418891645262,-0.0005532691858313162
465,2023-01-27,0.0015454000194893025,0.0009432343268926936,8.032271510616415e-05,-9.496778967110937e-05
466,2023-01-30,-0.012103428493225273,0.0007845111012058539,4.945886072176997e-05,-0.0005429914570152397
467,2023-01-31,0.0037729782559268255,-0.0016483267612379207,-0.0001830884220523563,-0.0013463283500010313
468,2023-03-01,-3.968253968253965e-05,3.5998900258307764e-21,1.5881867761018131e-22,-5.293955920339377e-23
469,2023-03-02,0.002123053081403975,-0.00024139479942295744,-3.332340512413901e-06,0.00022212870214064422
470,2023-03-03,0.002310187919776339,0.0017047141347130397,0.0001540125613212729,-0.0002789955692616135
471,2023-03-06,-0.004001089720232105,0.0011794277468511892,9.234950788424525e-05,-0.001042630551528384
472,2023-03-07,0.0036980711780436946,-0.0007845992875982123,-9.077483642769759e-05,-0.0003691976062046517
473,2023-03-08,-0.010334794416012405,-0.0007977206735890483,-0.00011275701647307978,-0.0009919200076347378
474,2023-03-09,0.0014733386802086943,-0.00032773941106229256,-2.9937846761422286e-06,-9.951584459580811e-05
475,2023-03-10,-0.014819227296716883,-0.0020362628261123084,-0.00017669745906869787,-0.0004941982558808111
476,2023-03-13,-0.0014900962001110818,-0.001760690971540838,-0.00015565837642756661,-0.0003195337462776547
477,2023-03-14,-0.03358549874068839,-0.0008707344015437351,-7.848357632976392e-05,-0.00010065652560126557
478,2023-03-15,0.010072456327663718,0.0024908234415711547,0.00023520805380713506,3.492255176040085e-05
479,2023-03-16,-0.006785791981418826,0.0005735290883485717,7.650174173734477e-05,0.0003081994163882798
480,2023-03-17,0.018790600111775736,0.0024120679270011793,0.00026310672757736016,0.0011812973404555155
481,2023-03-20,0.004907166948334741,-0.0033875630811737415,-0.0003113030653985685,-0.0001720453067242628
482,2023-03-21,0.0005115032622098234,0.0007004151416396677,6.773907194649823e-05,4.096404842795308e-05
483,2023-03-22,-0.0009633417642428508,0.001942078767654211,0.00014388750919429495,0.0005475972118597748
484,2023-03-23,-0.010526261043937942,0.00030857012856881335,-1.1348360181043642e-05,0.0005785674641612438
485,2023-03-24,0.0011322075581052114,-0.0009878197883853022,-0.00013825034706149307,-0.0005688134801028388
486,2023-03-27,0.0029075458583597523,0.0006613331783457352,3.705939468747355e-05,-0.0006800951536361421
487,2023-03-28,0.01101540037412968,0.002328006681958376,0.0002059197912989562,-0.00021954135321152534
488,2023-03-29,0.0071491459488839315,-0.002444768437344443,-0.0002242132586048133,-3.310092928611951e-05
489,2023-03-30,0.005282201997597041,0.007017019474211324,0.0006765173930679548,0.0007811135221722948
490,2023-03-31,0.009000342968555437,-0.0034500022529613678,-0.0002561945951401747,0.00010896079235057759
491,2023-04-03,-0.0010659795240439873,-0.002788399718660499,-0.00020342614204933246,0.0015255454285038456
492,2023-04-04,0.019697582912037322,-0.00041030480849358177,-4.803572677821764e-05,-5.199668243628978e-05
493,2023-04-05,0.00222251867863618,0.0022069592091887324,0.0002553698224072641,0.00049449859493237
494,2023-04-06,-0.008369265239163716,-0.004365528306468119,-0.00045526525067116346,-8.94824074685146e-06
495,2023-04-07,0.007449376559665186,-0.004614613965357925,-0.00039969972234119537,-0.0001872339680729307
496,2023-04-10,-0.0049713684395328896,0.0010683673411049322,2.657419013561921e-05,0.0011974346523524995
497,2023-04-11,0.013856383224441935,0.002180403917678963,-2.0549561780162207e-05,0.00047621654032716437
498,2023-04-12,0.01442084919681818,0.0013957533830945377,0.00015452839543500516,9.651184145944311e-05
499,2023-04-13,0.0073476818623106205,0.0005562825984740244,-3.96354803251721e-07,-2.6661302984100788e-05
500,2023-04-14,0.024800399883878,0.0021857315107957674,0.000155518967083432,-0.0035207258851732977
501,2023-04-17,0.0007011394835219477,0.0014880211834852935,0.0002007908537919341,0.0004459806690212192
502,2023-04-18,0.0025489185760548603,-0.0018988639422455908,-0.00014696018210995327,0.0010822831755478886
503,2023-04-19,0.003862880945128085,0.003990059797686284,0.0004126926930585124,0.0010321529443718639
504,2023-04-20,-0.012339547835446,-0.0005629205582866481,-6.901976602019741e-05,-0.0009230046772300692
505,2023-04-21,-0.014055711760188026,0.0004857490232515445,6.9965237053188086e-06,-0.0013603495112785994
506,2023-04-24,-0.00922703477434074,5.6937664500475926e-05,-2.280530751168323e-05,0.00038183132506865365
507,2023-04-25,-0.006895468806141038,-0.0018643164987304098,-0.00016842558656985154,0.00034521107134272204
508,2023-04-26,-0.005645766016363508,-0.0006433021166693451,-0.00010517392005670559,-0.0007947945381196883
509,2023-04-27,0.0010230626991086468,0.0008644155438560237,0.00012765314339888771,0.001257617618872152
510,2023-04-28,0.02717784941456107,0.01526412769709211,0.0008631069351134605,-0.018338953147861402
511,2023-06-01,0.005870750647672566,-0.001393548839495729,-0.00012129646920187073,-0.0001987079050350432
512,2023-06-02,0.005163212979739701,0.002492889463723796,-2.0718441893150883e-05,-0.000146215815845748
513,2023-06-05,0.008147659562987864,-0.0004799119154841959,-9.532631083969993e-05,-0.00027097483155734447
514,2023-06-06,-3.9682539682539655e-05,1.4770137017746862e-20,-1.2904017555827232e-22,-2.117582368135751e-22
515,2023-06-07,-0.003224902617686942,0.0010721019677958498,0.00010560023625102472,-0.0005097084750632461
516,2023-06-08,0.0005189789090602043,0.00021048729814053375,7.251717616766437e-05,-9.627299880098272e-05
517,2023-06-09,0.0021173348595845305,0.0001788803901857084,3.499581333645554e-05,2.3888331537187856e-05
518,2023-06-12,-0.0054731327153937845,4.900957406502005e-05,1.9285649129209697e-05,0.00021650954410803926
519,2023-06-13,0.00044892590004794706,-0.00038815832998837483,-2.7426775701333033e-05,-0.00017594452064952898
520,2023-06-14,-0.008284547371067642,-0.0006536494856890756,-2.9235623723061305e-05,0.00011579440277637577
521,2023-06-15,-0.006367461442091426,-0.0006151573611086032,-8.73409611889595e-05,-0.0004337532087203806
522,2023-06-16,0.006641542689010374,0.0020550774519140997,0.00020718483590781035,-4.3777061141518956e-05
523,2023-06-19,-0.000727232360625439,0.0030662251165946945,0.000283970715801541,0.00040926726078292786
524,2023-06-20,-0.0020000465187256814,0.0014293385584432112,7.556041020789241e-05,-0.0007297887748423812
525,2023-06-21,-0.009557578663719498,-0.000472639766201051,-1.5436955470287446e-05,0.000331021400936495
526,2023-06-22,0.0037773255899376376,-0.0035439038474787284,-0.00031194913105945523,0.00012601314342004167
527,2023-06-23,-0.011978587488039975,0.000951204346506572,7.714576180297868e-05,0.00026416035107733435
528,2023-06-26,0.003186194296999135,-0.0007084840806839427,-6.471045490749623e-05,-0.00010568784425360017
529,2023-06-27,-0.0005837060706699683,0.0005661851996623501,5.062673253956332e-05,-0.0004948563300848208
530,2023-06-28,-0.004856926815520999,0.0004774381108032577,2.270949839558428e-05,-0.0005181106853054644
531,2023-06-29,-0.013523718539982308,4.0426961070442395e-05,3.822361033326219e-06,8.877472902686146e-05
532,2023-06-30,0.008733004862745967,0.0013913563769124165,0.0001226582215552523,-0.0004479078625263923
533,2023-07-03,0.008229194359715829,-0.0008892171967426056,-7.152433682034837e-05,0.00018194850548223447
534,2023-07-04,-0.005643941399868381,-0.0005082729323915181,-5.8774083382069787e-05,-0.00027546497446693824
535,2023-07-05,-0.0029791915360864777,-0.0011911905218945596,-8.368830990927327e-05,0.00021532021462858402
536,2023-07-06,-0.01740627863405074,0.000738454850277372,6.376774849444375e-05,0.00010935280431857545
537,2023-07-07,-0.00850579945386466,-0.00036103206454502943,-5.404160773313983e-05,-8.915983008859403e-06
538,2023-07-10,0.001385443915270306,-0.0018714489254786472,-0.00019665200198041238,0.00026897123572387435
539,2023-07-11,0.014364718508869986,0.0008511955926226206,4.0366964605918795e-05,-0.0004046280374997516
540,2023-07-12,-0.004213728554587439,0.010278814736739137,0.0008357096612241714,-0.003234416686136392
541,2023-07-13,0.0015616407966151978,0.00568971527877432,0.0004199614725106711,-0.0010701756912566709
542,2023-07-14,0.002987185456214159,-0.0003840921102631685,-5.726308104628745e-05,-0.000949272586893396
543,2023-07-17,-0.014785460309585833,0.009724066393229074,0.0007458902837073502,-0.002764720705178629
544,2023-07-18,-0.019036271134436615,0.0078026680125414215,0.0005405550244782898,-0.0035804261978209877
545,2023-07-19,-0.007648609218844297,0.007706836081786461,0.0006551022821958778,-0.0025614566408898786
546,2023-07-20,-0.010783570802118793,0.0175930835214027,0.0016061630306187943,-0.0026987076508043677
547,2023-07-21,0.001760657090833289,0.0007583634548301762,7.46318478060117e-05,0.00017244030038847833
548,2023-07-24,0.06760342565415312,-0.040279524531051034,-0.007603777056208288,-0.12928553063790263
549,2023-07-25,-0.016294966915395524,0.046528816057099354,0.0017111809180310846,-0.08209885302680224
550,2023-07-26,-0.033510847832265156,0.0022027980365643598,0.00019004379117661807,0.0006436430648512354
551,2023-07-27,0.027677635822580697,-0.0021654050510931,-0.00014848962135272824,0.000806519220764322
552,2023-07-28,0.008191105352793163,0.000640234849062931,6.455785236175503e-05,-5.325797720820462e-05
553,2023-07-31,0.016110798466877182,0.0021435928839961143,0.00020309627577156758,-0.0002472283395725211
554,2023-09-01,-0.00996681628348249,0.005544065135894295,0.0005272092461296101,0.00097519672241783
555,2023-09-04,0.0069574149858226565,-0.000926867148920722,-8.744280233654827e-05,-0.00030513486288031357
556,2023-09-05,0.002452199653999373,0.004966566043940799,0.0005005601182706838,0.0016928529485945895
557,2023-09-06,-0.00013361599211124652,0.00033706145064099126,3.9755451767097786e-05,0.00033219819135022166
558,2023-09-07,-0.012005178638868628,0.001435432743927099,0.00013574146231674515,0.000537768190736819
559,2023-09-08,0.008485347721858667,0.0027317982843422348,0.0003060519872773204,0.0017597810038917526
560,2023-09-11,0.007710362704109587,0.0005156442426893018,5.1259781960782236e-05,-3.864789477700275e-05
561,2023-09-12,-0.00348650204532227,-0.0004710001741333431,-4.942570413415519e-05,-7.87984556333994e-05
562,2023-09-13,-0.0048012479588535025,-0.0014028512617377138,-0.00012019612024140772,0.0003923608509179689
563,2023-09-14,0.016737141030610993,-0.010470416620197143,-0.0010514795210249464,-0.0038114156887586116
564,2023-09-15,0.008484250297145994,0.0007996967924339023,7.919345784727317e-05,-2.7626009945255878e-05
565,2023-09-18,-0.0007171589386296976,-0.004271399043975841,-0.00042858685821249045,-0.0013804254318360732
566,2023-09-19,0.00027855004035364406,-0.0006292457853772729,-3.301802577271448e-05,0.000899516305416668
567,2023-09-20,-0.0032756997144918584,-0.0028898471260742544,-0.00027180803486779394,-0.00012881396012081898
568,2023-09-21,0.29805771913096457,-0.2669555680053776,-0.01777241308448801,0.2165925061763481
569,2023-09-22,-0.004950751092360303,-3.861946160689175e-05,-1.5891706788101164e-05,-0.0002703816646530242
570,2023-09-25,-0.004065031504382689,-0.0009418387508139346,-7.960730813171437e-05,0.00038646073113565325
571,2023-09-26,-0.013874555221553238,-0.0003903029504772027,-0.000102622647276912,-0.0020069418526033667
572,2023-09-27,0.009889030874190664,-3.0742805951844784e-05,3.32178786376811e-05,0.0010194626796191136
573,2023-09-28,-3.968253968253967e-05,-6.352747104407253e-22,1.733770563911146e-21,5.293955920339377e-22
574,2023-09-29,-3.968253968253967e-05,-6.352747104407253e-22,1.733770563911146e-21,5.293955920339377e-22
575,2023-10-02,-3.968253968253967e-05,-6.352747104407253e-22,1.733770563911146e-21,5.293955920339377e-22
576,2023-10-03,-3.968253968253967e-05,-6.352747104407253e-22,1.733770563911146e-21,5.293955920339377e-22
577,2023-10-04,-0.023100396858018898,-0.00364867838676173,-0.0003146048662817949,0.001364271180630037
578,2023-10-05,-0.004298097699025111,-0.0014545247273038738,-0.00013647782699407107,1.8299929293562046e-05
579,2023-10-06,0.009917215558304087,-0.0004817377110206605,-4.509627231300743e-05,-0.0003263742835081239
580,2023-10-09,-3.968253968253967e-05,-6.352747104407253e-22,1.733770563911146e-21,5.293955920339377e-22
581,2023-10-10,-0.011350103126860175,-0.0006736006097520392,-5.9341793273905155e-05,0.0004507147949448937
582,2023-10-11,0.012514547003051683,0.002635778130594425,0.00022124161632228445,-0.0010913533006972015
583,2023-10-12,0.010241327866642811,0.0013269050062056976,0.00014148025484636182,0.0003788782840873869
584,2023-10-13,-0.011440478914220025,-0.001037989480741784,-0.0001052162037379685,-3.992380376948232e-05
585,2023-10-16,-0.008687525359558928,-0.0006101483671583776,-6.46815348664827e-05,-4.6970497325634904e-05
586,2023-10-17,0.005423312989747864,-0.0014336986872840445,-9.136245792767624e-05,0.001174987654004779
587,2023-10-18,-0.007318055086193847,-0.00040983313300375543,-5.202898712166166e-05,-0.0002725494799023
588,2023-10-19,-0.01854555124703043,-0.0018710581076603564,-0.0001870513317126542,-5.011485315565157e-05
589,2023-10-20,0.02709253156939336,-0.028010357351764617,-0.002143249319644839,0.013657369536048415
590,2023-10-23,-0.006269461893059755,7.975202336588288e-05,-7.137873784388319e-06,-0.00032126381507853447
591,2023-10-24,0.014954695983218438,0.00035664521862931056,3.908651341503393e-05,-0.00018724461792202888
592,2023-10-25,0.0036309705547238717,0.00039408990681562604,4.0789647167764215e-05,-7.395231530663916e-05
593,2023-10-26,-0.02128980971638034,-0.0010987908742546583,-9.914100287829513e-05,0.0006979902215480452
594,2023-10-27,0.0036323826546354786,0.0005205779615103464,3.276240514399874e-05,-0.0006418095546596053
595,2023-10-30,0.007704844634358761,-0.003087695892951056,-0.0002899320498106279,-0.0004867632170181445
596,2023-10-31,-0.011949987722350602,-0.0008319965337737013,-7.305101372199289e-05,0.00038312922869028373
597,2023-12-01,0.003267275593520294,0.0158140852837244,0.0015072415501685501,0.001536336309739329
598,2023-12-04,-0.0011020184604683468,0.0021120810635337503,0.00019172645020922046,-2.4513381454710525e-05
599,2023-12-05,0.00010718231208465623,-0.00046159878606518096,-3.1044818972776825e-05,0.0003624476661075916
600,2023-12-06,0.0038352790973660922,0.0017403643769052608,0.0001542332148229746,-0.00031521283504541334
601,2023-12-07,-0.003254326102592547,-0.0009158034767414357,-8.815703599931142e-05,-5.918207415062419e-05
602,2023-12-08,0.008911832363318462,0.0036784754514273816,0.00034576116873034245,5.8784270729227134e-05
603,2023-12-11,0.0008395410735500701,0.001993747951446909,0.00017637871024274803,-0.00018982699642789758
604,2023-12-12,1.3689272988946983e-05,0.001628890833759081,0.00017399589283943707,0.0007546440022063534
605,2023-12-13,-0.005338271846705084,-0.00021740248627292492,3.0544562953902025e-05,0.001886325878956754
606,2023-12-14,0.0066083626797891985,-0.0011174145987266151,-7.578993742318353e-05,0.0007800166949514832
607,2023-12-15,0.0005905388617249888,-0.0006752441869726728,-3.595470557676252e-05,0.0009144209005024744
608,2023-12-18,0.005102870090748026,-0.0021141287047885377,-0.00014086921936249104,0.0016578798546085264
609,2023-12-19,0.0035378083918389687,-4.8202000624214666e-05,-2.851774821546899e-05,-0.001051942189729565
610,2023-12-20,0.009085092706007042,-0.0008326248570834926,-7.459442544517144e-05,-0.00012732690706253295
611,2023-12-21,-0.004138806408998179,-0.0017836528523666566,-0.0002060773473511125,-0.0014807152913521226
612,2023-12-22,0.00270264895473935,-0.00104445520774226,-0.00013012277825043316,-0.0013198068552632346
613,2023-12-25,-3.9682539682539676e-05,5.743942173568224e-21,-1.7999450129153882e-21,-1.5881867761018131e-22
614,2023-12-26,0.004389580066581263,-0.0060414682996953895,-0.0005265241237787524,0.0007495521224714338
615,2023-12-27,-0.0021913569459314063,0.004029979107415512,0.0003573072345931158,-0.0003313104054808715
616,2023-12-28,0.01455081908507658,0.0008303708354306125,7.691385924756721e-05,-0.0004357297432216079
617,2023-12-29,-3.9682539682539676e-05,5.743942173568224e-21,-1.7999450129153882e-21,-1.5881867761018131e-22
618,2024-01-01,-3.9682539682539676e-05,5.743942173568224e-21,-1.7999450129153882e-21,-1.5881867761018131e-22
619,2024-01-02,0.00364613441589673,0.0031523822129615525,0.0002729826644649983,-0.00066460739420509
620,2024-01-03,-0.006874776352661309,0.0011706899472642986,9.135610952535256e-05,-0.00037486302624386485
621,2024-01-04,-0.011706700533681374,-0.0019556324509935183,-0.00018856174318396458,-2.8435810482769163e-07
622,2024-01-05,-0.0018050136612947412,3.147655417590378e-05,-7.983409541366844e-06,-0.0003186465162053788
623,2024-01-08,-0.0005807981253611169,0.0008077170929104366,9.382785417684424e-05,0.0006076430530133295
624,2024-01-09,0.008007967631830861,-3.9684039621187524e-05,1.8000315571201525e-05,0.0004430030970735886
625,2024-01-10,0.001140408923799558,-0.0022219729744197545,-0.00020273305567842443,-3.98437527637976e-05
626,2024-01-11,0.004252800200278157,-0.002633390834244549,-0.000259604797813423,-0.0007530456435528094
627,2024-01-12,-0.005797809324811793,-0.005024791779901653,-0.0004683462550989997,-0.0001261552149338372
628,2024-01-15,-0.0034815147303372705,0.0006451825176131277,5.899856696132296e-05,-2.608259325258768e-05
629,2024-01-16,-0.006695303441790947,-0.00033508276130471003,7.5357951713852e-06,0.001528191823937595
630,2024-01-17,-0.023338797076668336,0.0007120807888833957,4.962105601686918e-05,0.00015543341492135174
631,2024-01-18,-0.0017568627999811238,0.0007001117940206334,3.2045492315314704e-05,-0.001063731431448883
632,2024-01-19,0.08060903120960292,-0.04067036467742479,-0.0032877984349069856,0.012061815516511571
633,2024-01-22,0.0007815707808673548,-0.0007574733309248236,-7.575327327491437e-05,-0.00020411731087046
634,2024-01-23,0.006252791448056127,-0.0021511369864340157,-0.00020832176647429942,-0.0006002224891437332
635,2024-01-24,-0.004567238708314448,-0.0021329051682165683,-0.0001797985380546715,0.000663853567290649
636,2024-01-25,0.002210892942952425,-0.0015585810221944666,-0.00013830444945828437,7.170287547767385e-05
637,2024-01-26,0.006857932495975411,-0.0028129099510893567,-0.0002631239207348212,-0.0003955078644640547
638,2024-01-29,0.005685066896191049,-0.004529163050661971,-0.00038148788203800927,0.0009684763905697317
639,2024-01-30,0.0028672556257339217,-0.0005600568874214569,-2.0192830920091222e-05,0.0009676522696494134
640,2024-01-31,-0.004661834186576673,-0.003221801010782374,-0.00029493660272422034,0.00012296277050308238
641,2024-02-01,0.0131022652353056,-0.001317696156419181,-0.0001033291642868455,0.00020472836053986884
642,2024-02-02,0.014198922054980904,0.0027854636624798355,0.00023918006672944713,-0.0009007491894135889
643,2024-02-05,-0.003106509461041521,-0.002874247905964909,-0.00025047659864711275,0.0005005629207237447
644,2024-02-06,-0.005548071173270052,-0.0011261478847309442,-9.624356659185986e-05,0.0003536034030257468
645,2024-02-07,0.022572877226164557,0.0042512438970956565,0.000521333341636108,0.004085806932022512
646,2024-02-08,0.000998544691936572,0.0009295086991464522,7.761636887643243e-05,-0.00022497354885482298
647,2024-02-09,-3.9682539682539676e-05,-6.776263578034403e-21,6.683619349428464e-22,-6.352747104407253e-22
648,2024-02-12,-3.9682539682539676e-05,-6.776263578034403e-21,6.683619349428464e-22,-6.352747104407253e-22
649,2024-02-13,0.005794961628160945,-0.00022498519170815415,-1.936932751319107e-05,5.32608834915914e-05
650,2024-02-14,-0.003951833167897927,0.0012399895000585158,0.00010805639887925596,-6.243389652543045e-05
651,2024-02-15,-0.0002676764499817861,0.00040148815143364256,2.0520177040013522e-05,-0.00043415629419352706
652,2024-02-16,0.010222505556135818,-0.001943948356335558,-0.00015658428628683872,0.0005286153402128579
653,2024-02-19,0.009279122606266798,-0.001740897466019403,-0.00014652558155718964,0.00012640709044460285
654,2024-02-20,-0.003935742333070324,-0.0006347636409707818,-4.3037132809641636e-05,0.0005897737939740987
655,2024-02-21,0.0031409899728833185,-0.0028731032615145705,-0.00026857456840367124,-0.00017200486210801122
656,2024-02-22,-0.002101309916046873,0.000870027809217517,5.397390339775277e-05,-0.0008559846594758122
657,2024-02-23,0.004724275854945205,-0.0037179310906863628,-0.000381676218218919,-0.0016365130923359352
658,2024-02-26,-0.009985686726345932,0.003011382145570389,0.00022022803817642794,-0.001667993629325028
659,2024-02-27,-0.00935395880808155,-0.0014066580906937935,-0.00014177482711805276,-0.00021448252984769187
660,2024-02-28,0.009136840660205044,-0.0045379884714070095,-0.0004039636152265997,0.00015080493259452313
661,2024-02-29,-0.006331934198710962,-0.0014092363622122813,-0.00013659046794232502,-2.7333841431664068e-05
662,2024-03-01,0.001374995634515229,-7.690191789122988e-05,-5.097671343749413e-06,2.641889529648239e-05
663,2024-03-04,-0.0025332968494621542,0.002386255397761784,0.00023766629285220872,0.0008438707727738928
664,2024-03-05,-0.00400895729834243,0.004277270405286273,0.00039018369457092313,-3.160773653708227e-05
665,2024-03-06,0.0014613650713370058,-0.0015582110767333138,-0.00012920951010873875,0.00042713161754524685
666,2024-03-07,-0.006595787931691944,0.0015093267495874757,0.00012716326718613304,-0.00012817755541548294
667,2024-03-08,0.0130379301931926,0.0006896556188047714,8.551395760888022e-05,0.0004149628446710582
668,2024-03-11,-0.0029323801182311445,0.004570117272591575,0.00043887413252595046,0.0008176169315494638
669,2024-03-12,-0.00011067824889725915,0.001456210127883697,0.00012684127673491562,-0.00018401341881965565
670,2024-03-13,0.002950489813385902,-0.0017795854179350162,-0.0001675104394221403,-0.00028622347878324433
671,2024-03-14,0.008430792952806979,-0.0021608884705300894,-0.0002107096323412287,-0.0007017206669847002
672,2024-03-15,-0.00696936430368243,-0.00072399398805758,-7.284797183624959e-05,-8.705117602426891e-05
673,2024-03-18,0.006435512488980427,0.0025086697888896774,0.00022242358311058667,-0.00022329479626008084
674,2024-03-19,-0.007024926539697115,0.0027363100971167166,0.0002586633736469482,0.00048708977652152645
675,2024-03-20,0.006069396530128198,-0.0012126086524247585,-0.00010320108507093854,0.00010372052129460732
676,2024-03-21,0.016490564863915,0.00022097455783427864,3.5858018505615735e-05,-2.6888099659306636e-05
677,2024-03-22,0.005873137346529975,-0.0030096780615963773,-0.0002511382904867161,0.0008394727000382231
678,2024-03-25,0.000882347788881686,0.0007588780829084985,6.850885058181316e-05,1.3751320404306437e-05
679,2024-03-26,0.002350609704677763,0.00011227340587141889,-2.302423655644426e-06,-0.0005175654169624294
680,2024-03-27,0.012232111963548986,0.031335250646188605,0.0030981734354246816,0.008394553010206184
681,2024-03-28,-0.0054440909320468585,0.0004585036276788554,4.145163414537949e-05,8.885527335226383e-05
682,2024-03-29,-0.006789813399650315,-0.000534255346410156,-6.913902456939366e-05,-0.0005081246717004546
683,2024-04-01,0.010705010150494416,-0.0005812938035026974,-4.2253609588382664e-05,1.1327725431097891e-05
684,2024-04-02,0.039706969300318945,-0.02693772716794212,-0.002446427844888789,-0.0006252851244968816
685,2024-04-03,-0.009693468897332469,0.0007741215949515907,6.588026569566412e-05,7.872543393833878e-05
686,2024-04-04,0.001566023849180837,0.0001433966805881935,4.308779848210395e-06,-0.0003905427263110113
687,2024-04-05,-0.003998857265291885,-0.002768367528435098,-0.00028918980804884786,-0.0011145456935437162
688,2024-04-08,-0.005782704962256629,-0.0016982392439531362,-0.0001899756724016382,-0.0009570873969864946
689,2024-04-09,0.0034687010024097038,-0.0015271759308195644,-0.00013429692879886253,6.156320355505825e-05
690,2024-04-10,-3.9682539682539676e-05,-6.776263578034403e-21,6.683619349428464e-22,-6.352747104407253e-22
691,2024-04-11,-0.0027049040286244233,0.002141581528970443,0.00020836017865809433,0.0005100748300812005
692,2024-04-12,0.005183142372998826,-0.0021275441604895347,-0.000906872401832733,-0.023273234270523527
693,2024-04-15,-0.005418098624318791,-0.0022823520236236157,-0.00018054519736282368,0.0010848031207226698
694,2024-04-16,-0.015938201381957007,-0.0004611440890160651,-4.5668725017294706e-05,0.0003489794692530338
695,2024-04-17,-0.0019189791786296715,-0.0007959959438160798,-5.926796631853808e-05,0.0004941009587943485
696,2024-04-18,0.018170945149560642,0.0015102156015563716,0.00010816226135941896,-0.001534641064954662
697,2024-04-19,-0.008887337926894029,-0.00045081471830328633,-3.9537980679280185e-05,0.000256060760165631
698,2024-04-22,0.017948473132558086,-0.0013439099358316048,-9.846380721052648e-05,0.0003151877244797775
699,2024-04-23,0.003293977084786574,-0.0011891289126228217,-0.00010616221943378152,-1.064206947063306e-05
700,2024-04-24,0.006090842150986202,0.001239290076694435,0.00010520379448658477,-0.0004389119167437375
701,2024-04-25,-0.004087534165723171,-0.0013032368560988716,-0.00010202725264232688,0.0007111277576427959
702,2024-04-26,0.004446231959801071,0.0005725836368279879,7.665504228552311e-05,0.0006928388973227386
703,2024-04-29,0.4089880811561344,-0.2995039151400862,-0.02633295289671699,0.020038392789662664
704,2024-04-30,0.0925371343312273,-0.05902102256517978,-0.005401233883771395,-0.003363006963801197
705,2024-05-01,-3.9682539682539676e-05,-6.776263578034403e-21,6.683619349428464e-22,-6.352747104407253e-22
706,2024-05-02,-0.002919817548097209,-9.109545487734259e-05,7.89586622542384e-06,0.0006264668416352938
707,2024-05-03,-0.0008973679650282054,0.0007471778708956406,6.043740140907603e-05,-0.00023560176391317563
708,2024-05-06,-3.9682539682539676e-05,-6.776263578034403e-21,6.683619349428464e-22,-6.352747104407253e-22
709,2024-05-07,0.006128313557125529,0.002268632765563093,0.00017535108330632933,-0.0012635928075900112
710,2024-05-08,0.006415751960215961,0.00023034550824370056,3.437853638909217e-05,0.00021151132982536586
711,2024-05-09,-0.0021758194900770296,-0.0009787487146931835,-8.15017232986694e-05,0.00030952649299499494
712,2024-05-10,0.0035579504574083775,-0.000913201212178616,-7.016560257286066e-05,0.0003668589462957479
713,2024-05-13,-0.004046329178150493,0.0011080703294584074,7.898958720463402e-05,-0.0006956343283011827
714,2024-05-14,0.008037973882341506,-0.0018847142709797421,-0.00015275780949910807,0.0004106866187670159
715,2024-05-15,-3.9682539682539676e-05,-6.776263578034403e-21,6.683619349428464e-22,-6.352747104407253e-22
716,2024-05-16,0.006188535961239255,-0.0003514495691373554,-2.2797309428636812e-05,0.00011871865594963426
717,2024-05-17,-0.008250060875932302,5.251802713914568e-05,-1.1906781154802895e-05,-0.0004447364485723719
718,2024-05-20,-0.0029608566496655457,0.0071703222702938505,0.00048423147416692806,-0.006241716507596695
719,2024-05-21,-0.005542048857915026,0.0013380728328614049,0.00010610800763766885,-0.0004109267656442621
720,2024-05-22,-0.01649367042715566,0.11436564281689961,0.007452919542536629,-0.11093650082106471
721,2024-05-23,-0.002901026087119971,-0.00021515892107968042,-4.1245518166136276e-05,-0.0006486106914839284
722,2024-05-24,-0.003544961903267095,-0.002829637263289794,-0.00025898007167264315,0.0001415583093595611
723,2024-05-27,0.006179166622192524,0.00011067858633023525,1.2675037129344314e-05,-5.9840358139304694e-05
724,2024-05-28,-0.005877275257247382,0.0014120043456777947,0.00012321591140762207,-0.000124409548042689
725,2024-05-29,-0.00791004357050104,2.4922407705169108e-05,-1.8541885004848198e-07,0.0001335376299051343
726,2024-05-30,-0.007394722873431514,-0.00039723136970733555,-4.726402632513576e-05,-0.00018941182075531474
727,2024-05-31,0.003972406710983125,0.0007185264470035513,6.510457877202387e-05,-0.00020875179605319094
728,2024-06-03,0.02756388648860457,-0.0022058759023933254,-4.350239504220285e-05,0.005292551446341292
729,2024-06-04,-0.007259732146954171,2.2905454963964328e-05,-8.338278493818068e-06,-0.0001937079755250702
730,2024-06-05,0.0007549758120328137,-0.00029231835362825874,-1.9435616822718092e-05,0.00024246079646730775
731,2024-06-06,-3.9682539682539676e-05,-6.776263578034403e-21,6.683619349428464e-22,-6.352747104407253e-22
732,2024-06-07,0.005084968897536889,0.0011034688488587084,9.90117381617666e-05,-0.00020377606393691362
733,2024-06-10,-0.004962296067772587,0.0005082392492634911,2.3595417857025985e-05,-0.0006678843081675248
734,2024-06-11,0.0013159746092086084,-0.0010147671678614133,-8.555186465406751e-05,0.00026288252086913356
735,2024-06-12,0.002608132271464699,0.0011953560104408674,0.00012064092767077792,0.0003025069128888961
736,2024-06-13,-0.000724336362646665,-0.0010704200796107042,-8.152758428263324e-05,0.0006147917639269039
737,2024-06-14,-0.0005620341273909897,0.0018443420905296562,0.00017641449147655006,0.0002873787386536879
738,2024-06-17,-0.004741562010341035,0.0025362554859028837,0.00016909893133374115,-0.0020146831137914873
739,2024-06-18,-0.00288113406083278,0.0022846180001362625,0.00020605134752598407,1.7475131864497923e-06
740,2024-06-19,-0.0006923392602048574,0.00047896535009078354,1.2845244639160238e-05,-0.0010837342280131624
741,2024-06-20,0.001575499168229766,0.00016967523849474177,1.783901668490083e-05,2.624775565777673e-05
742,2024-06-21,-0.00598983879874938,0.0015444009242016154,0.0001262228148432155,-0.00037013360414852106
743,2024-06-24,-0.0074473564334742465,0.0005581631129403886,4.805684289816628e-05,0.0001669000124053221
744,2024-06-25,0.011326115708312793,-0.003096627267458817,-0.0002504855612667467,0.0008693508338949729
745,2024-06-26,-0.0032848092376038147,0.0009327889252499301,6.422589110302903e-05,-0.0005737067822662292
746,2024-06-27,-0.006668364043278455,-1.164599641443905e-06,-2.108251522537298e-05,-0.0005627843973013913
747,2024-06-28,0.005834054543734842,0.0006295432917530093,5.595315489502745e-05,-0.00019411085139061122
748,2024-08-01,0.011562294347728997,-0.0005580301423725688,-4.4263435302078786e-05,-9.657152795691272e-05
749,2024-08-02,-0.02540025594343686,0.001796937528540956,0.00016830813366272148,0.0008933500213222545
750,2024-08-05,-0.07932180726244772,-0.00031791645456228593,-0.00010158439841291698,-0.0001878474749647205
751,2024-08-06,0.03300645241145833,0.0021242072435694536,0.0002217901775285079,1.4538423558357994e-05
752,2024-08-07,0.01769047568213048,0.0007785250944639731,9.974829090531784e-05,0.0005367067058867565
753,2024-08-08,0.008286559243589765,0.002801862512547486,0.00032314522894946924,0.0020679751446429358
754,2024-08-09,0.012698928086330183,-0.0031914190243099386,-0.0002932636961516572,-0.00040288727826508827
755,2024-08-12,0.08133208852051167,-0.061002961890080115,-0.0056089848140727285,-0.0020521377222722857
756,2024-08-13,-0.0073650748179052315,-1.2878537024556247e-05,-3.435699133001105e-05,-0.0007748554988375458
757,2024-08-14,0.006129846128817534,0.00281042345041291,0.00029751119050982377,0.0011918528719247106
758,2024-08-15,-3.9682539682539655e-05,-1.207021949837378e-20,2.8852059765849605e-21,3.705769144237564e-22
759,2024-08-16,0.012313966318617435,-0.00047306231710583986,-1.2641249025278537e-05,0.0008705828714159105
760,2024-08-19,0.04837928173999647,-0.029841929790960158,-0.0029236029861871285,-0.005093103355883389
761,2024-08-20,0.0054886448387810646,-0.0005760346408864589,-6.04099647939067e-05,-0.0004245661598950739
762,2024-08-21,-0.0008169532324114027,-0.0012072050701305362,-0.00012771499213339407,-0.0005941628152483616
763,2024-08-22,0.00017417358674292455,-0.0012192268764888627,-0.0001320559704152938,-0.000674349532766178
764,2024-08-23,0.0021913552483017852,-0.0026045970298308723,-0.0002294420227943945,0.00018213813412039544
765,2024-08-26,0.00022974340884609096,-0.001908267958782913,-0.00018146183785120834,-0.0002621379462494426
766,2024-08-27,0.00039969934952255337,-0.0017898120652073786,-0.00015845779509435773,0.00014352697678787952
767,2024-08-28,-0.004926020644214237,0.0009227358137068426,8.150288421201424e-05,4.150898691311308e-05
768,2024-08-29,-0.0032784526382681617,-0.0012142731194150884,-0.0001307381519736801,-0.0005716188925460313
769,2024-08-30,0.007685434255716564,0.0004801213126629832,5.604832149676162e-05,0.0002119660501828634
770,2024-09-02,-0.0076197044272355696,0.000824429129322832,4.4770823133359996e-05,-0.0008297199136463951
771,2024-09-03,0.0007847293209293986,0.0001534171529069038,2.8291352078596628e-05,0.0004742356420465323
772,2024-09-04,-0.02770859606942304,-6.334213624677634e-05,-2.767164578911375e-05,5.4203079590853354e-05
773,2024-09-05,-0.001642148049374124,9.041208122325998e-05,1.5211420426525874e-05,0.0003153358711188204
774,2024-09-06,-0.0213744602597956,0.005342041434565964,0.0005301462031483814,0.0014684622223001941
775,2024-09-09,0.0034727226760273883,0.0005012135287767027,6.083653093968876e-05,0.0004465651015123507
776,2024-09-10,-0.005578727293504981,-0.0012278513645586227,-0.00010958954229235783,0.00022684191731239047
777,2024-09-11,-0.004980510453013629,0.0011757087364269471,5.8596275616379525e-05,-0.0015649213850930624
778,2024-09-12,0.014245341278351713,0.0011675719722847341,0.00011628399621069512,-7.081698455237627e-05
779,2024-09-13,0.009909559201717464,-0.0012338047791401428,-9.34164623017748e-05,0.00038207371791981623
780,2024-09-16,-3.9682539682539655e-05,-1.207021949837378e-20,2.8852059765849605e-21,3.705769144237564e-22
781,2024-09-17,-3.9682539682539655e-05,-1.207021949837378e-20,2.8852059765849605e-21,3.705769144237564e-22
782,2024-09-18,-3.9682539682539655e-05,-1.207021949837378e-20,2.8852059765849605e-21,3.705769144237564e-22
783,2024-09-19,0.005071562129628597,0.002087647829454824,0.00018239561882392037,-0.00039713941406170085
784,2024-09-20,0.005880538466910236,-0.0004068862860983658,-2.136749003184176e-05,0.0003369555274538369
785,2024-09-23,-0.0009367849257594817,0.0001348243939953305,9.119324493063503e-06,-5.1980163880014025e-05
786,2024-09-24,0.010427799084087199,0.0006249210544023215,6.241050439927129e-05,-0.00010988110713705551
787,2024-09-25,-0.016413963551480247,0.0062717875711749745,0.0004507501264143835,-0.0036988109539877463
788,2024-09-26,0.016888626219877252,0.0013308447720984606,0.00014026440392994724,0.0001816636688374643
789,2024-09-27,0.016450872025980213,-0.013193156478229377,-0.0012088006092527265,-0.0006923586882232823
790,2024-09-30,-0.009388655343703015,0.0008132581340708768,5.277289792187477e-05,-0.0005240916957659886
791,2024-11-01,-0.012332977482486431,-0.0010227442842819941,-0.0001043870339966983,-2.2526591074027865e-05
792,2024-11-04,0.01708001920374371,-0.0024532065161865287,-0.000248550673882558,-0.0012406129974840542
793,2024-11-05,0.0035129806074335125,-0.0016964154872747767,-0.00014681420212051842,0.0001878920049639169
794,2024-11-06,-0.003193916083378714,0.0002639690661368222,1.5490323874162755e-05,-0.0001544012024698555
795,2024-11-07,-0.007501887801624885,0.0010405981729309653,6.125091176151032e-05,-0.0008860849364108853
796,2024-11-08,-0.005687192096566471,0.002130218336666435,0.00016729811009369975,-0.0007642234047756564
797,2024-11-11,-0.012328122090515675,-0.0019536358750762736,-0.00018076600298743572,0.00029777940344614034
798,2024-11-12,-0.022611618119514433,-0.0008881809252579607,-8.115603323964382e-05,0.0006491748056285137
799,2024-11-13,-0.019728754562873495,0.0009898178878477517,8.032779570717789e-05,0.00020161156035996744
800,2024-11-14,0.0002772924377744876,0.0006112190448898716,5.5911374925858345e-05,5.695365355671498e-05
801,2024-11-15,-0.0006037607255724617,-0.0017346025835753925,-0.00017146019410645857,-0.00044257990424502523
802,2024-11-18,0.009762202983921053,-0.0015589845794588175,-0.00014424623749953062,-0.0003345734348610441
803,2024-11-19,0.0018545727958512736,0.0018975105041727953,0.00015556020561129642,-0.0007068874991272658
804,2024-11-20,0.0007385314686500846,-0.0005062628815395207,-5.187898671345816e-05,-0.00022568336251007688
805,2024-11-21,-0.004822778555642079,-0.00024028938788070393,-1.6961143781606984e-05,0.0003176241602417727
806,2024-11-22,0.003416278940729269,-0.0009620062128707901,-8.213331694982116e-05,9.418343520782677e-05
807,2024-11-25,0.014762388782778864,0.00014027349306149127,2.099717710806727e-05,-0.0001452804058749926
808,2024-11-26,0.0020960485540378673,-0.002851127579243467,-0.00023839618003770898,0.0006971962233630804
809,2024-11-27,0.004243894673676998,-0.0023431920303134237,-0.00020943750856022218,8.246798612170846e-05
810,2024-11-28,0.006619357479454817,0.0002531880906572364,2.6001174192825438e-05,-0.00012409599043897314
811,2024-11-29,-0.015364580008896456,2.433508251324678e-05,-2.3044155128506725e-06,0.00025126466354640886
812,2024-12-02,-0.004969479548301694,-0.0014481989301847668,-0.0001497503066011629,-0.0003671815915364348
813,2024-12-03,0.019038856858851316,-0.0013354508860332925,-0.0001167329149039174,-0.00032898983508796364
814,2024-12-04,-0.005340837163759228,0.03246991435502454,0.0025410506170968146,-0.016876570096344034
815,2024-12-05,-0.01334941265365483,-0.0004470577952388391,-5.864889827159731e-05,-0.0002300510893702446
816,2024-12-06,-0.008474540401132649,0.0011671425896492404,7.678154969233e-05,-0.0008162104961667211
817,2024-12-09,-0.043435188788616644,0.0010751499405483392,5.297476193046154e-05,-0.0003438453431015928
818,2024-12-10,0.04492485706914847,0.04112716347451939,0.0031182603262334212,-0.025567692937605913
819,2024-12-11,0.018479616231178636,0.0003559325609783803,5.754347468529336e-05,0.0003698089654514928
820,2024-12-12,-0.003604202830480815,0.010852888888099193,0.0009949764257879987,-4.4676837757777596e-05
821,2024-12-13,0.005284719538143959,0.003234276076822813,0.0003493320449259779,0.0015626638225545984
822,2024-12-16,0.0010106611582887265,0.0001262058706408913,1.771827124647806e-06,-0.00036777125482949586
823,2024-12-17,-0.009124680246798852,0.0046001502534791985,0.0004096365539358366,-0.00019247341478046342
824,2024-12-18,0.004408073299336734,0.003493651306854943,0.0003410024365079312,0.0005137961747044675
825,2024-12-19,-0.007535950450148682,-0.0039382578619452,-0.0003785245731937608,-0.00033084984832877314
826,2024-12-20,-0.020637426086149966,0.005291086177964411,0.0004605197816691296,-0.0003789287909535165
827,2024-12-23,0.011688498970754045,0.0006261849046083026,4.0695947998267807e-05,-0.000897477233410565
828,2024-12-24,-0.0026577183212433183,2.0765243347855818e-05,-1.0035660429982398e-05,-0.00030097943529673577
829,2024-12-25,-3.9682539682539655e-05,5.293955920339377e-21,2.183756817139993e-21,-8.470329472543003e-22
830,2024-12-26,-0.005474644421825046,0.0003767127373394659,1.7188834026056495e-05,-0.00043682035176106503
831,2024-12-27,-0.01765871028274904,0.001428673316306302,0.00010572551769450194,-0.00042691488802941826
832,2024-12-30,-0.013185262414419559,0.0646248806266951,0.00539679484045282,-0.02071742225803116
833,2024-12-31,-3.9682539682539655e-05,5.293955920339377e-21,2.183756817139993e-21,-8.470329472543003e-22
834,2025-02-03,-0.022943961707842853,-0.0020190918487575653,-0.00021125922605313172,-0.0002168922223614397
835,2025-02-04,0.014298849632592776,-0.003973073201327322,-0.00036000297744594764,-0.0002704726260639451
836,2025-02-05,0.0074026991588811855,-0.0030332744046859036,-0.0002984541262656822,-0.0008286191591651269
837,2025-02-06,0.005988339661063945,0.004262897731786996,0.0003497007694943905,-0.0014332998095519542
838,2025-02-07,-0.007301799667062131,-0.0013225212941166222,-0.00014356889052184247,-0.0005421368879511208
839,2025-02-10,0.014827465807399002,0.006013383849396295,0.00032803561512647543,-0.007800938714459445
840,2025-02-11,0.005160920910909221,-0.0029247485663281324,-0.00027378822007989145,-0.00034416167677129097
841,2025-02-12,-0.001850839962968339,0.0011997022615282409,7.091547439671155e-05,-0.0012540383731020723
842,2025-02-13,0.008428515521200056,0.0004957550972080632,2.6010691145206262e-05,-0.0009141151558024997
843,2025-02-14,0.0018996061215064146,0.00013984291554590346,1.1172319917854897e-05,-0.0001210477606902962
844,2025-02-17,0.00947611619768847,-0.0019080715360268565,-0.0001581283864535488,0.0003023381836290461
845,2025-02-18,0.012533006384126176,-0.004963728732428379,-0.0003580573201359031,0.0028878058352282037
846,2025-02-19,0.007174388583910937,-0.00034641701520110547,-1.338441472143698e-05,0.00042669253806708893
847,2025-02-20,0.0008215234331338046,-0.00040649210227679776,-8.533793221521806e-05,-0.0016678974670140552
848,2025-02-21,0.0043131540096792145,-0.0009085689150334032,-3.172613754683345e-05,0.001583081232080811
849,2025-02-24,0.005969929693313957,-0.003557655841536417,-0.00029681348659883495,0.0008361803756834837
850,2025-02-25,-0.002639260382530144,5.605313352707644e-05,-1.2914093869638693e-05,-0.0005908766155503073
851,2025-02-26,0.007241786190020739,-0.003188971742103752,-0.00032508399516725984,-0.0013493412298849574
852,2025-02-27,-0.0011757242644962666,-0.002119588140211773,-0.00020099637211917296,-0.0002318839919312625
853,2025-02-28,0.007994500744444726,0.007713999488633402,9.032037593495872e-05,-0.02130957845488088
854,2025-05-01,-3.968253968253966e-05,-1.4839620189201316e-21,1.7867101231145398e-22,0.0
855,2025-05-02,-0.0006189825683129133,0.0016437633701167432,0.0001510490977043234,2.9715717082967965e-05
856,2025-05-05,-3.968253968253966e-05,-1.4839620189201316e-21,1.7867101231145398e-22,0.0
857,2025-05-06,-3.968253968253966e-05,-1.4839620189201316e-21,1.7867101231145398e-22,0.0
858,2025-05-07,0.002188440137404297,-0.0010180159828670065,-0.00010421402559651903,-0.0004618340626448776
859,2025-05-08,0.006874993604551519,-0.0016126459822403778,-0.0001298305747174816,0.00036301447059585345
860,2025-05-09,-0.011834821893807738,0.004458394416682723,0.0004423056790402679,0.0013992616007636525
861,2025-05-12,0.00697468131558089,-0.00011249207108532904,1.9722388131337063e-05,0.000819079454865411
862,2025-05-13,0.005446966633378692,0.0003970922263615288,4.6887651611734744e-05,0.00017736982389565176
863,2025-05-14,0.007842086894649538,0.001120669800082405,7.472131236894047e-05,-0.00112430563112938
864,2025-05-15,-0.003325059759903487,0.0026808342020033433,0.00023282249923890959,-0.00034513667299858997
865,2025-05-16,-0.0022782902132862997,0.00037380183737799094,2.5202550456422624e-05,-0.0002040999590061412
866,2025-05-19,-0.010410832755038034,0.0009132078883686296,6.900656019726361e-05,-0.00020874190064830406
867,2025-05-20,-0.001093286247964714,0.0018407816950533216,0.00013767118126254595,-0.001032983063330104
868,2025-05-21,0.010731976101760748,-0.0014250493161945146,-0.00012557319849697797,-0.00012239322226202215
869,2025-05-22,0.001471650595837675,-0.0008864128569800213,-9.249987174005512e-05,-0.0004374483399688843
870,2025-05-23,-0.0037653059481385304,0.0016845056137995752,0.00012346624551105138,-0.0009247479620585661
871,2025-05-26,0.017234191795894697,-0.0022371010805831964,-0.0001389388484299579,0.0017294174658665548
872,2025-05-27,9.415287124250405e-05,0.0007302970902369157,7.089703992093808e-05,0.0001862293354508554
873,2025-05-28,0.002323870305050565,0.001732911375214067,0.00016977652113363495,0.00033026746414429665
874,2025-05-29,0.020817681649853453,-0.003061882538434868,-0.0002550635734610579,0.00024783301090859557
875,2025-05-30,-0.012290262508897804,0.05033723349004096,0.004738785875679181,0.0052055237532840914
876,2025-06-02,-0.0039902589099662855,0.0008726133158358515,8.211191565473723e-05,0.00018700888585067304
877,2025-06-03,-3.968253968253966e-05,-1.4839620189201316e-21,1.7867101231145398e-22,0.0
878,2025-06-04,0.013894851947819118,0.0020227967577392623,0.00018595305196250313,-0.0003784640709734395
879,2025-06-05,0.003034753877967209,0.0028703422181422843,0.000239752968970696,-0.0009252846783203415
880,2025-06-06,-3.968253968253966e-05,-1.4839620189201316e-21,1.7867101231145398e-22,0.0
881,2025-06-09,0.01237823592978084,-0.006042479443488868,-0.0006269143852921563,-0.0026120206972125035
882,2025-06-10,0.009849685381882368,-0.0014701379622561986,-0.00016423484054093506,-0.0011551968672917285
883,2025-06-11,0.005201248492948629,0.015865950802236132,0.0015597067594618234,0.0030258196591582184
884,2025-06-12,0.00943050267190897,-0.0057280301449808835,-0.0005198634926942109,-6.66565158573165e-05
885,2025-06-13,-0.019491885160185424,-0.0016477701957863622,-0.0002150382270272583,-0.0015967195381595507
886,2025-06-16,-0.09194065014360314,0.15470212393785732,0.013239478515803293,-0.027972607404201908
887,2025-06-17,1.909355196343587e-05,-0.0037214113084095063,-0.0003998485092976645,-0.0018818292233337664
888,2025-06-18,0.00545033906193053,-0.00013953763858906966,-2.6675271778208745e-05,-0.0006755751918481618
889,2025-06-19,0.002953488197510831,0.0016462353565663316,0.000145343203755334,-0.0002800587488799695
890,2025-06-20,0.007011520507587578,0.0019613706230265033,0.00015235936948636427,-0.001142749745514126
891,2025-06-23,-0.008247623572723965,0.00159960579250419,0.0001199581688544415,-0.0006346258242999812
892,2025-06-24,0.01128136577430231,0.03109600334832865,0.0026433792827543594,-0.007216090305188173
893,2025-06-25,-2.0120237240531247e-07,0.002150334843910106,0.0001636694852893576,-0.0012114226237798507
894,2025-06-26,-0.01139506588849517,0.006776903488410834,0.0006033360592835985,-0.0003032916638997161
895,2025-06-27,-0.009917061868192143,0.0023559084610702413,0.00019830828639539434,-0.0002537722362953488
896,2025-06-30,0.0031977018964314706,-0.00014088506208697314,4.22920752381423e-06,0.0006278125026218391
897,2025-08-01,-0.032649572203433334,0.00048068448501811735,-2.7522024276210557e-06,-0.0006693835574623317
898,2025-08-04,0.012913275662021703,-0.001899300228166359,-0.00014760891602999646,0.000524097330610469
899,2025-08-05,0.010402967583137178,0.001551350276469833,0.0001342437585684801,-0.0005214455625995151
900,2025-08-06,0.006571487696615195,-0.00039528567843675837,-1.7039788599721088e-05,0.000503754005703204
901,2025-08-07,0.005222870055708866,-0.000753883985352423,-5.539207355215406e-05,0.000341935730238446
902,2025-08-08,-0.0033811757282335873,0.001357232214257951,9.935832582672521e-05,-0.0007820540454244013
903,2025-08-11,-0.004332202073969492,0.0007002975877333907,7.691513527550634e-05,0.0005489757869057677
904,2025-08-12,-0.0031747869962573593,0.0002037016350287551,3.570309927173072e-07,-0.0005456928637870935
905,2025-08-13,0.008165379242812992,-0.0020828828845477327,-0.00014293135317673482,0.0014637850662037831
906,2025-08-14,-0.0020518610145139307,0.0006816741979549033,6.175370812259629e-05,1.8808816802842038e-06
907,2025-08-15,-3.9682539682539676e-05,1.1858461261560205e-20,-7.411538288475128e-22,0.0
908,2025-08-18,-0.009255551702755348,-0.0009045274928220646,-7.312769901989198e-05,0.0005389213742814591
909,2025-08-19,-0.005927486031211829,0.00041194419941349887,5.865359258996643e-05,0.0009270543125794884
910,2025-08-20,-0.0031628034610319817,-0.001596200183780674,-0.00014029856781483762,0.00022452262958299934
911,2025-08-21,0.00214015196334175,0.0003004806979812775,3.242571348197921e-05,7.1905072890045e-05
912,2025-08-22,0.0009925389796406133,-0.0015548577632940022,-0.00010355311266061717,0.0014509894772902683
913,2025-08-25,0.010110041621319388,0.0016728961158755855,0.00012043649943604247,-0.0014678357094428493
914,2025-08-26,0.00044908666200955353,-0.00025522780424460517,-1.6001369396825518e-05,0.00019913625469915476
915,2025-08-27,-0.0003235456354841452,0.00043193758740138737,4.3715037358391483e-05,0.00015033602521964765
916,2025-08-28,0.0006090457540217007,4.9358403790193486e-05,3.6144583938018573e-06,-2.0201166804382798e-05
917,2025-08-29,-0.0029717653744182285,-0.0022809137861305026,-0.00018047575949411656,0.0010810119222290592
918,2025-09-01,-0.0033066036090829954,-0.01328884185900911,-0.0012343936700577925,-0.0001644360339519748
919,2025-09-02,-0.0033267843179894045,0.0025473778834154983,0.00016236756635658954,-0.0022104076593042416
920,2025-09-03,0.0058648701428150336,0.013690755721235393,0.0014284175030267572,0.005144798230889612
921,2025-09-04,0.00926608443379108,-0.003796203052416848,-0.00036402701334637235,-0.00067819753366825
922,2025-09-05,0.00716564558438584,0.0011848873745291038,0.0001261161721289856,0.0003393768993364209
923,2025-09-08,0.0033865351318958918,0.00551854884058038,0.0005406678981143946,0.0009370541244547025
924,2025-09-09,-0.00045732024286486515,0.004857201315683371,0.0004326704614141578,-0.00044477536142875813
925,2025-09-10,-0.28860588676240434,0.45405628434292367,0.04496949140710425,0.1271945171591831
926,2025-09-11,0.0048734581858319425,-0.0016249971130123649,-0.00012411469921423752,0.0007154719746136593
927,2025-09-12,0.006559286147027314,0.001426621159205671,0.0001607912754208586,0.0007015998164467256
928,2025-09-15,0.002810036509091586,0.0009738823325660922,8.381585299666895e-05,-0.0003053541048670198
929,2025-09-16,-0.0033422338162307375,0.0025925687086844704,0.0002066316382115249,-0.0009079638939159789
930,2025-09-17,0.0007332886969648805,-6.464296662013903e-05,-1.715077406420703e-05,-0.0004312932787454846
931,2025-09-18,0.0074094434554559056,-0.0004512331454600536,-3.25296494561576e-05,0.00011021551536244116
932,2025-09-19,0.00042343240072603217,0.0010577238694384353,8.68121251916447e-05,-0.000330813127146047
933,2025-09-22,-0.0007623539553175483,-0.0005298283210243019,-6.554802402476153e-05,-0.0005323207381307679
934,2025-09-23,-0.0012916382097354683,1.84366955481567e-05,1.0854319978251318e-05,0.00032150341085813484
935,2025-09-24,-0.009950227475998302,0.0006205988834520675,5.133847258997202e-05,0.00012179992519092358
936,2025-09-25,-0.005127316313109047,0.001785082333779029,0.0001495771805697589,-0.0003037873009168675
937,2025-09-26,-0.015872329326178044,0.00033305255017759155,4.2645965920108596e-05,0.0008623542620685412
938,2025-09-29,0.006386517063202285,-0.0007011099603914604,-5.398619717103138e-05,0.00017239328941241457
939,2025-09-30,-0.002011946318441528,-0.0005962049077955999,-7.932814827248986e-06,0.001557550943678657
940,2025-10-01,0.004400746075305639,-0.0027187113059912124,-0.00016494090667842765,0.002641655413433891
941,2025-10-02,0.10668235712478778,0.103082363981183,-0.40066269692822115,0.24918208222919636
942,2025-10-03,-3.968253968253967e-05,4.235164736271502e-21,-1.283784310682299e-21,-1.0587911840678754e-22
943,2025-10-06,-3.968253968253967e-05,4.235164736271502e-21,-1.283784310682299e-21,-1.0587911840678754e-22
944,2025-10-07,-3.968253968253967e-05,4.235164736271502e-21,-1.283784310682299e-21,-1.0587911840678754e-22
945,2025-10-08,-3.968253968253967e-05,4.235164736271502e-21,-1.283784310682299e-21,-1.0587911840678754e-22
946,2025-10-09,-3.968253968253967e-05,4.235164736271502e-21,-1.283784310682299e-21,-1.0587911840678754e-22
947,2025-10-10,0.10157199248547759,-0.07416217341705786,-0.007266079124378551,-0.012548374166504984
948,2025-10-13,-0.003623584641294121,-0.0003865232173612511,-5.5271560594799456e-05,-0.0005464249071638949
949,2025-10-14,-0.008956535868815185,0.0016669137091855526,0.00011564719100324219,-0.001001545633421662
950,2025-10-15,0.012845704529146119,0.0015429327185640658,0.00015250728784700428,2.023277173230491e-05
951,2025-10-16,0.004538173081335944,0.00066743206436088,4.771044642781978e-05,-0.0005669278015732883
952,2025-10-17,-0.009382833886803,0.0021133419673672674,0.00016149540994093718,-0.0007615180225611241
